source_name,source_link,event_id,event_date,event_time,event_title,event_description,location_description,location_accuracy,landslide_category,landslide_trigger,landslide_size,landslide_setting,fatality_count,injury_count,storm_name,photo_link,notes,event_import_source,event_import_id,country_name,country_code,admin_division_name,admin_division_population,gazeteer_closest_point,gazeteer_distance,submitted_date,created_date,last_edited_date,longitude,latitude
AGU,https://blogs.agu.org/landslideblog/2008/10/14/the-lifan-landslide-from-natural-disaster-to-cover-up/,684,08/01/2008 12:00:00 AM,,"Sigou Village, Loufan County, Shanxi Province","occurred early in morning, 11 villagers buried in 7 houses","Sigou Village, Loufan County, Shanxi Province",unknown,landslide,rain,large,mine,11,,,,,glc,684,China,CN,Shaanxi,0,Jingyang,41.02145,04/01/2014 12:00:00 AM,11/20/2017 03:17:00 PM,02/15/2018 03:51:00 PM,107.45,32.5625
Oregonian,http://www.oregonlive.com/news/index.ssf/2009/01/landslide_plows_through_lake_o.html,956,01/02/2009 02:00:00 AM,,"Lake Oswego, Oregon",Hours of heavy rain are to blame for an overnight mudslide in Lake Oswego. ,"Lake Oswego, Oregon",5km,mudslide,downpour,small,unknown,0,,,,,glc,956,United States,US,Oregon,36619,Lake Oswego,0.60342,04/01/2014 12:00:00 AM,11/20/2017 03:17:00 PM,02/15/2018 03:51:00 PM,-122.663,45.42
CBS News,https://www.cbsnews.com/news/dozens-missing-after-peru-landslides/,973,01/19/2007 12:00:00 AM,,"San Ramon district, 195 miles northeast of the capital, Lima, ","(CBS/AP) At least 10 people died and as many as 80 were still missing Wednesday in central Peru after torrential rains swelled three rivers, forcing them over their banks and causing devastating landslides earlier in the week. ","San Ramon district, 195 miles northeast of the capital, Lima, ",10km,landslide,downpour,large,unknown,10,,,,,glc,973,Peru,PE,Junín,14708,San Ramón,0.85548,04/01/2014 12:00:00 AM,11/20/2017 03:17:00 PM,02/15/2018 03:51:00 PM,-75.3587,-11.1295
Reuters,https://in.reuters.com/article/idINIndia-41450420090731,1067,07/31/2009 12:00:00 AM,,Dailekh district,"One person was killed in Dailekh district, police said.",Dailekh district,unknown,landslide,monsoon,medium,unknown,1,,,,,glc,1067,Nepal,NP,Mid Western,20908,Dailekh,0.75395,04/01/2014 12:00:00 AM,11/20/2017 03:17:00 PM,02/15/2018 03:51:00 PM,81.708,28.8378
The Freeman,http://www.philstar.com/cebu-news/621414/landslides-hit-upland-barangays,2603,10/16/2010 12:00:00 PM,,sitio Bakilid in barangay Lahug,"Another landslide in sitio Bakilid in barangay Lahug also left two families homeless. Lilibeth Magsuling was breastfeeding her two-month-old baby outside their house at 12 noon yesterday when she heard a loud blast behind her. She immediately hugged her baby boy and ran. When she looked back, she saw bamboo trees and soil covering her house. “It’s fortunate that we were outside the house. I was about to put my baby in the cradle inside the house,” she said. Elenit Villaflor was also outside her house in sitio Bakilid with her two-month-old baby when the landslide struck. ",sitio Bakilid in barangay Lahug,5km,landslide,tropical_cyclone,medium,unknown,0,,Supertyphoon Juan (Megi),,,glc,2603,Philippines,PH,Central Visayas,798634,Cebu City,2.02204,04/01/2014 12:00:00 AM,11/20/2017 03:17:00 PM,02/15/2018 03:51:00 PM,123.8978,10.3336
BusinessWorld Online,http://www.bworldonline.com/content.php?section=Nation&title=-death-toll-from-rains-rises-nationwide-floods-displace-hundreds-in-leyte&id=46961,4203,02/16/2012 12:00:00 AM,,"Paguite, Abuyog, Leyte","Thursday’s landslides were noted in Barangays Burubudan, Tadoc and Paguite in Abuyog; Barangays Pulahongon, Mahaplag, Leyte; and Barangay Kahupian, Sogod, Southern Leyte.","Paguite, Abuyog, Leyte",5km,landslide,downpour,medium,unknown,0,,,,,glc,4203,Philippines,PH,Eastern Visayas,2404,Balinsacayao,2.28967,04/01/2014 12:00:00 AM,11/20/2017 03:17:00 PM,02/15/2018 03:51:00 PM,124.9668,10.7004
The Spokesman-Review,http://www.spokesman.com/stories/2012/mar/31/flooding-reported-across-region/,4290,03/30/2012 12:00:00 AM,,"Pend Oreille County, State Route 20 near Usk, OR","In Pend Oreille County, a mudslide on State Route 20 near Usk forced Washington State Patrol to close the highway late Friday, then reduce traffic to one lane.","Pend Oreille County, State Route 20 near Usk, OR",5km,mudslide,downpour,small,unknown,0,,,,,glc,4290,United States,US,Washington,2126,Newport,19.97241,04/01/2014 12:00:00 AM,11/20/2017 03:17:00 PM,02/15/2018 03:51:00 PM,-117.2665,48.2797
Crónica Diaria,http://www.cronica.com.mx/notas/2007/320673.html,225,09/02/2007 12:00:00 AM,,3 killed in Acapulco,"3 killed, including 2 children when rocks fell on their homes","calle Granjas, Ampliación Miguel de la Madrid, Acapulco",10km,complex,tropical_cyclone,medium,unknown,3,,Tropical Storm Henrietta,http://www.cronica.com.mx/oimagenes11/1/f94ae83365.jpg,,glc,225,Mexico,MX,Sinaloa,3191,El Limón de los Ramos,10.88351,04/01/2014 12:00:00 AM,11/20/2017 03:17:00 PM,02/15/2018 03:51:00 PM,-107.622,24.9531
MagicValley.com,http://magicvalley.com/news/local/first-fires-now-mud/article_a1e57eb0-596b-5b44-8356-4e58e177aa12.html,236,09/05/2007 12:00:00 AM,,"Warm Springs Road, Idaho","5 feet deep mud, Hotshot crew was trapped while cleaning debris from fire","Warm Springs Road, Idaho",5km,mudslide,rain,medium,unknown,,,,,,glc,236,United States,US,Idaho,2689,Ketchum,4.51471,04/01/2014 12:00:00 AM,11/20/2017 03:17:00 PM,02/15/2018 03:51:00 PM,-114.4194,43.6846
UPI,https://www.upi.com/Top_News/2008/11/05/China-mudslide-death-toll-put-at-40/80051225865638/,873,11/01/2008 12:00:00 AM,,"Lincang City, Yunnan, Yunnan-Tibet No. 214 highway.","The report said heavy rainfall since Oct. 24 had hit 13 cities and counties in the province, affecting about 1.3 million people. The worst hit by the mud flows was Chuxiong Yi region","Lincang City, Yunnan, Yunnan-Tibet No. 214 highway.",10km,complex,downpour,medium,unknown,2,,,,,glc,873,China,CN,Yunnan,0,Mengmeng,55.18512,04/01/2014 12:00:00 AM,11/20/2017 03:17:00 PM,02/15/2018 03:51:00 PM,100.0845,23.89
BBC News,http://news.bbc.co.uk/2/hi/asia-pacific/7710105.stm,874,11/01/2008 12:00:00 AM,,"Kunming, Yunnan","Yunnan has so far reported 40 deaths and 43 people missing with another 1.3 million affected by the landslides and mud-rock flows. Chuxiong, the hardest-hit area, reported 24 deaths and 42 people missing; In Kunming, the capital of Yunnan, four people died and torrents of mud have flowed through towns and villages elsewhere, the China Daily said.","Kunming, Yunnan",25km,complex,downpour,medium,unknown,4,,,,,glc,874,China,CN,Yunnan,1023674,Kunming,6.82298,04/01/2014 12:00:00 AM,11/20/2017 03:17:00 PM,02/15/2018 03:51:00 PM,102.695,25.0967
Oregon DOT,,8253,12/21/2014 08:10:00 AM,,"US 30, milepost 29",,"US 30, milepost 29",exact,landslide,unknown,unknown,above_road,0,0,,,,glc,8253,United States,US,Oregon,12883,Saint Helens,0.87786,07/05/2016 06:26:00 PM,11/20/2017 03:17:00 PM,02/15/2018 03:51:00 PM,-122.8178,45.8647
Salem-News.com,http://www.salem-news.com/articles/january012009/hoodland_closure_1-1-09.php,954,01/01/2009 10:24:00 PM,,South side of Highway 26 between Cherryville Hill and Brightwood. Oregon,"Oregon State Police and Hoodland Fire Department are on scene of a large mud slide blocking all lanes of Highway 26 between Cherryville Hill and Brightwood.  The mud slide and debris is preliminarily estimated to be up to 2 feet deep and 80 - 100 yards in width. Police say Thursday at approximately 10:24 PM, reports were received of the mud slide that came from the south side of Highway 26 between milepost 34 and 35.",South side of Highway 26 between Cherryville Hill and Brightwood. Oregon,10km,mudslide,rain,small,unknown,0,,,,,glc,954,United States,US,Oregon,4864,Mount Hood Village,7.43093,04/01/2014 12:00:00 AM,11/20/2017 03:17:00 PM,02/15/2018 03:51:00 PM,-122.0704,45.377
Vietnamnet,http://english.vietnamnet.vn/fms/society/181263/rain-triggered-floods--landslides-kill-six-in-ha-giang.html,9958,07/03/2017 02:33:00 PM,,Landslides block roads,Landslides after heavy storms block roads to Xin Cai and Son Vi communes,"Huyện Mèo Vạc, Hà Giang",10km,landslide,downpour,small,above_road,0,0,,,Date very approximate as article is sparse,,,,,,,,,07/05/2017 02:33:00 PM,11/20/2017 03:17:00 PM,02/15/2018 03:51:00 PM,105.5299971,23.14383048
ABS-CBN News,http://news.abs-cbn.com/nation/regions/01/03/09/landslide-matnog-forces-hospital-evacuation,955,01/02/2009 08:30:00 PM,,"Gadgaron village of Matnog town, Sorsogon ","A landslide hit the village in barangay Gadgaron, Matnog town, Sorsogon province around eight o' clock Friday evening. Gadgaron village chief Juanito Gamit said incessant rains these past few days softened the mountain slope, and strong rains Friday evering triggered the 
erosion. Houses near and in front of the eroded mountain were not affected, but a truck parked beneath the mountain was partly buried. The mountain is located along the national road of barangay Gadgaron in Matnog. 1 man was injured.","Gadgaron village of Matnog town, Sorsogon ",5km,landslide,downpour,medium,unknown,0,1,,,,glc,955,Philippines,PH,Bicol,6721,Matnog,5.5353,04/01/2014 12:00:00 AM,11/20/2017 03:17:00 PM,02/15/2018 03:51:00 PM,124.0419,12.5655
OregonLive The Oregonian,http://www.oregonlive.com/news/index.ssf/2009/01/landslide_plows_through_lake_o.html,957,01/03/2009 12:00:00 AM,,"Suburban Portland, Oregon.","A mud slide destroyed a home in suburban Portland, Oregon. And heavy rains forced dozens of homes to be evacuated in the area. Dozens of roads were flooded.  In Clackamas County, floodwater washed into the Estacada library, ruining thousands of books before receding and leaving behind a layer of silt. ","Suburban Portland, Oregon.",10km,mudslide,rain,small,unknown,0,,,,,glc,957,United States,US,Oregon,583776,Portland,0.55624,04/01/2014 12:00:00 AM,11/20/2017 03:17:00 PM,02/15/2018 03:51:00 PM,-122.67,45.521
GoUpstate.com,http://www.goupstate.com/news/20090107/2-escape-with-their-lives-after-mudslide-levels-home,958,01/07/2009 01:41:00 AM,,"Wildcat Run Road off Dogwood Drive in Maggie Valley, North Carolina ","A mudslide on Wildcat Run Road off Dogwood Drive in Maggie Valley left a creek side home looking like a pile of matchsticks.  The slide was reported at 1:41 a.m. today, according to a release from Haywood County spokesman David Teague. While it is too early to tell the exact factors that contributed to the collapse, Shuping said a rain Gage located at Soco indicated 5.5 inches of rain had fallen in the area in the last 24 hours and that officials would continue to monitor the possible effects of the weather throughout the day. ","Wildcat Run Road off Dogwood Drive in Maggie Valley, North Carolina ",1km,landslide,rain,small,unknown,0,,,,,glc,958,United States,US,North Carolina,1150,Maggie Valley,2.71542,04/01/2014 12:00:00 AM,11/20/2017 03:17:00 PM,02/15/2018 03:51:00 PM,-83.071,35.507
OregonLive The Oregonian,http://www.oregonlive.com/news/index.ssf/2009/01/high_winds_heavy_rain_expected.html,959,01/07/2009 12:00:00 AM,,"Rochester along the Cowlitz and Lewis rivers, Washington","In Southwest Washington, officials called for residents to evacuate parts of the town of Rochester along the Chehalis River, and to the east, residents were dealing with landslides and flooding along the Cowlitz and Lewis rivers","Rochester along the Cowlitz and Lewis rivers, Washington",5km,landslide,rain,small,unknown,0,,,,,glc,959,United States,US,Oregon,1895,Rainier,4.05885,04/01/2014 12:00:00 AM,11/20/2017 03:17:00 PM,02/15/2018 03:51:00 PM,-122.893,46.11
Ballard News Tribune,https://ballardnewstribune.com/robinson-papers/2009/02/02/mudslide-forced-normandy-park-woman-run-her-life,961,01/07/2009 12:00:00 AM,,"Sixth Place South in Normandy Park , Washington","Normandy Park resident Chris DeLaRosa says she ran for her life when a mudslide came pouring down her driveway on Jan. 7. The mud and water went almost to the Des Moines Marina, according to DeLaRosa. Rebecca Livingston is a student in the University of Washington Department of Communication News Laboratory","Sixth Place South in Normandy Park , Washington",5km,mudslide,rain,small,unknown,0,,,,,glc,961,United States,US,Washington,6335,Normandy Park,0.68778,04/01/2014 12:00:00 AM,11/20/2017 03:17:00 PM,02/15/2018 03:51:00 PM,-122.334,47.432
Corvallis Gazette-Times,http://www.gazettetimes.com/news/local/floodwater-closing-i--at-centralia-wash/article_9b96973e-313d-50e8-b204-425c43c03aa3.html,962,01/07/2009 12:00:00 AM,,"Concrete, 70 miles northeast of Seattle,Washington","Rainfall totals for the 24 hours ending at 2 p.m. Wednesday included 6 inches at Marblemount in the Cascade foothills east of Mount Vernon; 4.70 inches at Glacier, near Mount Baker east of Bellingham; 4.59 inches at Paradise in Mount Rainier National Park, 3.63 inches in Olympia; and 1.64 inches at Seattle-Tacoma International Airport. There were no immediate reports of injuries. A woman was rescued after being trapped briefly in a house that was hit by a mudslide and collapsed in Concrete, 70 miles northeast of Seattle. Town Fire Chief Rich Phillips said medics indicated the woman was okay.","Concrete, 70 miles northeast of Seattle,Washington",5km,landslide,downpour,medium,unknown,0,,,,,glc,962,United States,US,Washington,1347,Darrington,33.29411,09/15/2014 05:52:00 PM,11/20/2017 03:17:00 PM,02/15/2018 03:51:00 PM,-121.75,48.538
Corvallis Gazette-Times,http://www.gazettetimes.com/news/local/floodwater-closing-i--at-centralia-wash/article_9b96973e-313d-50e8-b204-425c43c03aa3.html,963,01/07/2009 12:00:00 AM,,"Acme area, Whatcom County, Washington","U.S. 97 was closed by slides at Blewett Pass, between Leavenworth and Ellensburg, and 200 to 300 feet of the northbound lane was washed away by flooding from Peshastin Creek, state Trooper Richard A. Magnussen said. Several Western Washington counties declared emergencies due to mudslides and flooding. In Whatcom County, just south of the Canadian border, slides hit at least three homes, two in the Acme area, said Bellingham police Lt. Rick Sucee, a spokesman at the county’s emergency operations center.","Acme area, Whatcom County, Washington",1km,mudslide,rain,small,unknown,0,,,,,glc,963,United States,US,Washington,6441,Sudden Valley,10.78797,09/11/2014 09:04:00 PM,11/20/2017 03:17:00 PM,02/15/2018 03:51:00 PM,-122.2,48.72
TDN,http://tdn.com/news/slide-pushes-kelso-home-off-foundation/article_d2b8e780-ecfd-5ad1-9e8f-fa19ea3c0109.html,964,01/08/2009 12:00:00 AM,,"Burcham Street, Kelso, Washington",A rain-saturated hillside gave way and knocked a Kelso home eight feet off its foundation Thursday morning. An area roughly 25-feet by 50-feet gave way without warning. Nearby homes were evacuated after the landslide on Burcham Street.,"Burcham Street, Kelso,Washington",5km,mudslide,unknown,small,unknown,0,,,,,glc,964,United States,US,Washington,11925,Kelso,1.87666,04/01/2014 12:00:00 AM,11/20/2017 03:17:00 PM,02/15/2018 03:51:00 PM,-122.909,46.1299
Seattle Pi,http://www.seattlepi.com/local/article/Seattle-dodged-bullet-with-landslides-this-time-1296967.php,965,01/08/2009 01:00:00 AM,,"9700 block of Rainier Avenue South, Seatle, Washington ","The Olympic Mountains' ""rain shadow"" appears to have shielded Seattle from the full brunt of the soggy winter storm that has caused landslides and major flooding across much of Western Washington. Some hillsides and trees did collapse due to soil failure after the severe rains and wind pounded the region. One landslide in the city spilled out onto the 9700 block of Rainier Avenue South early Thursday.  About 100 cubic yards of dirt collapsed at about 1 a.m., pulling down two trees, according to the city's Department of Transportation, and traffic had to be diverted at Waters Avenue South and at the Renton Municipal Airport to Renton Avenue South.  In West Seattle, a tree toppled over onto 39th Avenue at Fauntleroy Way Southwest. Crews were dispatched to the location just after 10 a.m.  ","9700 block of Rainier Avenue South, Seatle, Washington ",5km,complex,rain,small,unknown,0,,,,,glc,965,United States,US,Washington,22699,Mercer Island,5.27987,04/01/2014 12:00:00 AM,11/20/2017 03:17:00 PM,02/15/2018 03:51:00 PM,-122.273,47.538
The Bellingham Herald,http://www.bellinghamherald.com/latestheadlines/story/745810.html,966,01/08/2009 06:00:00 AM,,"Mount Baker Highway at about milepost 16, Washington","Residents of the slide area near Marshall Hill Road were stunned by what they saw at dawn’s first light Thursday, Jan. 8. Rocks and trees, borne on a river of mud, had swept down a small creek from the forested slopes to the north and west. The torrent swept away cars, sheds and utility poles and closed Mount Baker Highway at about milepost 16. The stink of propane from leaking tanks hung in the air. “I just can’t believe this,” area resident Nancy Vaught said as she surveyed the mess. Vaught, spent a few hours at the Red Cross emergency shelter at Nugents Corner after the slide, and returned to the area to take a look once the sun was up. Authorities reported five homes were damaged in the slide but no one was injured. Two people who were trapped in one of the houses because of downed power lines got out safely, Washington State Patrol Trooper Keith Leary said. The slide, which was at least 100 yards across, closed the highway east of Deming. ","Mount Baker Highway at about milepost 16, Washington",5km,mudslide,rain,small,unknown,0,,,,,glc,966,United States,US,Washington,3324,Peaceful Valley,8.1479,04/01/2014 12:00:00 AM,11/20/2017 03:17:00 PM,02/15/2018 03:51:00 PM,-122.037,48.929
Reuters,https://www.reuters.com/article/idUSLD370656._CH_.2400,968,01/13/2009 12:00:00 AM,,"Chehna in Jijel province, some 360 km (225 miles) from the capital Algiers","ALGIERS, Jan 13 (Reuters) - A mother and her five children were killed when a landslide struck their home in eastern Algeria on Tuesday, official news agency APS reported.  The landslide was triggered by heavy rains in the village of Chehna in Jijel province, some 360 km (225 miles) from the capital Algiers, APS cited emergency services as saying.","Chehna in Jijel province, some 360 km (225 miles) from the capital Algiers",5km,landslide,downpour,medium,unknown,6,,,,,glc,968,Algeria,DZ,Jijel,148000,Jijel,2.88422,04/01/2014 12:00:00 AM,11/20/2017 03:17:00 PM,02/15/2018 03:51:00 PM,5.765,36.7946
Bothell-Kenmore Reporter,http://www.bothell-reporter.com/news/mudslide-backs-up-northshore-traffic/,969,01/13/2009 08:50:00 AM,,"SR 522, near Bothell, Washington","Traffic was backed up out of Bothell through Kenmore Tuesday morning from approximately 8:50-9:10 a.m. due to a mudslide, which blocked the right lanes of westbound State Route 522 just east of State Route 104.","SR 522, near Bothell, Washington",1km,mudslide,rain,small,unknown,0,,,,,glc,969,United States,US,Washington,33505,Bothell,0.57422,04/01/2014 12:00:00 AM,11/20/2017 03:17:00 PM,02/15/2018 03:51:00 PM,-122.2072,47.7573
The Star Online,https://www.thestar.com.my/news/nation/2009/01/16/transborneo-highway-hit-by-landslide/,971,01/16/2009 01:00:00 PM,,"Sekolah Kebangsaan Sungai Arip, Mukah about 600 km from Kuching ","KUCHING: The Trans-Borneo Highway that connects the north and south of Sarawak is now impassable Friday it was hit by a landslide at KM135 of the Jalan Sibu-Bintulu stretch at about 1pm on Friday.  A Mukah police district spokesman contacted by Bernama said the incident happened near Sekolah Kebangsaan Sungai Arip, Mukah about 600km from Kuching.  ""Based on information we received the Trans-Borneo Highway is cut for 300m,"" he said.  ","Sekolah Kebangsaan Sungai Arip, Mukah about 600 km from Kuching ",10km,landslide,rain,medium,unknown,0,,,,,glc,971,Malaysia,MY,Sarawak,570407,Kuching,2.42408,04/01/2014 12:00:00 AM,11/20/2017 03:17:00 PM,02/15/2018 03:51:00 PM,110.3442,1.531
NBC News,http://www.nbcnews.com/id/28720034/ns/world_news-asiapacific/,972,01/19/2009 11:00:00 PM,,"Buwung Mas Sekotong, about 1,060km east of the capital, Jakarta,","A LANDSLIDE at a gold mine killed four workers and left 11 missing on the Indonesian island of Lombok, a Health Ministry official said yesterday. At least 20 people were buried under mud and rock on Saturday night, but five managed to get out alive, said Rustam Pakaya, the head of the ministry's Crisis Center.The slide was triggered by several days of severe rainfall around the village of Buwung Mas Sekotong, about 1,060km east of the capital, Jakarta, he said.","Buwung Mas Sekotong, about 1,060km east of the capital, Jakarta,",25km,landslide,rain,medium,unknown,4,,,,,glc,972,Indonesia,ID,Nusa Tenggara Barat,0,Kampungbaru,0.63292,04/01/2014 12:00:00 AM,11/20/2017 03:17:00 PM,02/15/2018 03:51:00 PM,116.662,-8.5073
Reuters,https://www.reuters.com/article/idUSLD91292._CH_.2400,1085,08/13/2009 12:00:00 AM,,Freetown,"police said at least seven people were killed and 15 injured when homes collapsed in a landslide in heavy rain in Freetown Thursday. Rescue teams were searching for bodies beneath mud, stones and rubble from three hillside houses that collapsed, police official Ibrahima Samura told Reuters.",Freetown,5km,landslide,downpour,medium,unknown,7,,,,,glc,1085,Sierra Leone,SL,Western Area,802639,Freetown,0.13721,04/01/2014 12:00:00 AM,11/20/2017 03:17:00 PM,02/15/2018 03:51:00 PM,-13.2287,8.4841
Hindustan Times,http://www.hindustantimes.com/world/two-dead-in-brunei-landslides-floods/story-qSO1J3fjnxUhOQ6Dp39WUI.html,974,01/22/2009 12:00:00 AM,,Muara District,"Floods and landslides claim two lives in Brunei Muara District. Two people in Brunei have been killed after heavy rains caused landslides and flooding that were among the sultanate's worst ever, a newspaper reported Thursday.  A 46-year-old woman died when a landslide crashed into her house as she slept, the Borneo Bulletin reported, citing a police spokesperson. In another incident, a 19-year-old woman trying to walk home from work drowned in fast-flowing flood waters, the report said. ",Muara District,5km,landslide,downpour,medium,unknown,2,,,,,glc,974,Brunei,BN,Brunei and Muara,64409,Bandar Seri Begawan,16.55352,04/01/2014 12:00:00 AM,11/20/2017 03:17:00 PM,02/15/2018 03:51:00 PM,115.0668,5.031
China.org.cn,http://www.china.org.cn/pictures/2009-01/24/content_17179420.htm,975,01/22/2009 12:00:00 AM,,Mexico City,"Photo taken on Jan. 22, 2009 shows a scene of a landslide in Mexico City, capital of Mexico, Jan. 22, 2009. The landslide caused two people dead with another one injured. The reason is estimated to be the loose structure of the hill caused by continuous heavy rains last year. (Xinhua/Pool Contreras) ",Mexico City,50km,landslide,downpour,medium,unknown,2,,,,,glc,975,Mexico,MX,The Federal District,12294193,Mexico City,0.15208,04/01/2014 12:00:00 AM,11/20/2017 03:17:00 PM,02/15/2018 03:51:00 PM,-99.1276,19.4271
ABC.net.au,http://www.abc.net.au/news/2009-01-27/fresh-warnings-after-storm-kills-26-in-southern/274060,976,01/26/2009 12:00:00 AM,,South of Naples,"A young woman was swept to her death Sunday by a wave as she walked on a beach, while torrential rain triggered a mudslide on the main highway south of Naples, killing two people and injuring five. ",South of Naples,5km,mudslide,downpour,medium,unknown,2,,,,,glc,976,Italy,IT,Campania,959470,Napoli,0.79183,04/01/2014 12:00:00 AM,11/20/2017 03:17:00 PM,02/15/2018 03:51:00 PM,14.252,40.8403
One India,https://www.oneindia.com/2009/07/23/darjeelingtoy-trainsuspended.html,1055,07/22/2009 12:00:00 AM,,"Kerseong, West Bengal ","The disruption of popular toy train services in Darjeeling disappointed the tourists as the rail track was damaged by the landslides in the region. The track has been washed away at Gayabari, Kerseong and Darjeeling due to heavy incessant rainfall and landslides from the hills.","Kerseong, West Bengal ",10km,landslide,downpour,medium,unknown,0,,,,,glc,1055,India,IN,Bengal,46427,Kārsiyāng,0.15035,04/01/2014 12:00:00 AM,11/20/2017 03:17:00 PM,02/15/2018 03:51:00 PM,88.2788,26.8826
ABC Channel 7 Eyewitness News,http://abc7.com/archive/6644840/,978,02/06/2009 12:00:00 AM,,Sierra Madre foothills northeast of downtown Los Angeles,"The National Weather Service has issued flash flood watches through Saturday (Feb 6)afternoon for burn areas as well as for valleys, foothills and coastal areas from Ventura to San Diego counties and the Inland Empire. Meteorologists say the second wave of a Pacific storm front could dump an inch of rain or more, with showers, isolated thunderstorms and possible lightning strikes. On Friday, a mudslide inundated streets in the Sierra Madre foothills northeast of downtown Los Angeles, closing some streets for several hours. Another slide left about 3 feet of mud on a road in the San Fernando Valley community of Sylmar.",Sierra Madre foothills northeast of downtown Los Angeles,5km,mudslide,rain,small,unknown,0,,,,,glc,978,United States,US,California,10917,Sierra Madre,0.26489,04/01/2014 12:00:00 AM,11/20/2017 03:17:00 PM,02/15/2018 03:51:00 PM,-118.05,34.162
One India,https://www.oneindia.com/2009/07/23/darjeelingtoy-trainsuspended.html,1054,07/22/2009 12:00:00 AM,,"Gayabari,  West Bengal ","The disruption of popular toy train services in Darjeeling disappointed the tourists as the rail track was damaged by the landslides in the region. The track has been washed away at Gayabari, Kerseong and Darjeeling due to heavy incessant rainfall and landslides from the hills.","Gayabari,  West Bengal ",10km,landslide,downpour,medium,unknown,0,,,,,glc,1054,India,IN,Bengal,46427,Kārsiyāng,4.62496,04/01/2014 12:00:00 AM,11/20/2017 03:17:00 PM,02/15/2018 03:51:00 PM,88.3143,26.8572
GMA News Online,http://www.gmanetwork.com/news/news/regions/147987/4-killed-2-missing-in-negros-floods-landslides/story/,980,02/07/2009 12:00:00 AM,,Barangay Sagbang in Valencia town,"Four people died while two others were missing as flashfloods and landslides caused by torrential rain struck Negros Oriental in central Philippines over the weekend, the Office of Civil Defense (OCD) said. Mudslides meanwhile hit the home of the Fernandez family in Barangay Sagbang in Valencia town last Saturday, resulting to the deaths of Susan and Judelyn, and injuries to Julius and Marites.",Barangay Sagbang in Valencia town,5km,landslide,downpour,medium,unknown,2,,,,,glc,980,Philippines,PH,Central Visayas,0,Valencia,2.33966,04/01/2014 12:00:00 AM,11/20/2017 03:17:00 PM,02/15/2018 03:51:00 PM,123.226,9.29
GMA News Online,http://www.gmanetwork.com/news/news/regions/171859/landslide-kills-2-sisters-in-laguna-floods-affect-over-103-000-in-luzon/story/,983,09/09/2009 12:00:00 AM,,"Sitio Camcaman in Real village in Calamba City, Laguna","At least two people were killed even as 103,383 people in Central and Southern Luzon were affected in floods and landslides caused by heavy rains in recent days, the National Disaster Coordinating Council (NDCC) said on Wednesday.  In its 9 a.m. report, the NDCC said 21,969 families or 103,383 people were affected in Zambales, Bataan and Pampanga.  The NDCC said the two fatalities - Nerissa Nievres, 3, and sister Nancy, 2 - died after a landslide hit their house at Sitio Camcaman in Real village in Calamba City, Laguna. ","Sitio Camcaman in Real village in Calamba City, Laguna",10km,landslide,downpour,medium,unknown,2,,,,,glc,983,Philippines,PH,Calabarzon,4164,Tignoan,6.62506,04/01/2014 12:00:00 AM,11/20/2017 03:17:00 PM,02/15/2018 03:51:00 PM,121.56,14.545
Drilling Today,http://dthrotarydrilling.com/News/24-april/VDOT.html,1010,04/20/2009 09:00:00 AM,,"Route 39 in Rockbridge County, Virginia",STAUNTON – The Virginia Department of Transportation is implementing repairs to the slope failure on Route 39 in Rockbridge County. Route 39 is closed from Route 252 to Route 729. The slide took place on April 20 and is located .5 mile west of Route 252. Heavy rain occurred on the morning of April 20 in the area of the slide.,"Route 39 in Rockbridge County, Virginia",1km,mudslide,downpour,small,unknown,0,,,,,glc,1010,United States,US,Virginia,1463,East Lexington,13.41471,04/01/2014 12:00:00 AM,11/20/2017 03:17:00 PM,02/15/2018 03:51:00 PM,-79.4305,37.9137
NEWS.com.au,https://ns1.sammyboy.com/threads/take-care-aus-eastern-states-bunker-down-wild-weather.36247/,1118,08/23/2009 12:00:00 AM,,"Stowport, near Burnie, Tasmania","The East Coast landslide followed one at Stowport, near Burnie, at the weekend. Burnie received a 25mm soaking yesterday (8/24) and more rain is expected today (8/25), tomorrow and Thursday. The town has already received 131.7mm of rain this month, almost double the 69.8mm for the previous August. ","Stowport, near Burnie, Tasmania",5km,complex,downpour,small,unknown,0,,,,,glc,1118,Australia,AU,Tasmania,19972,Burnie,0.40001,04/01/2014 12:00:00 AM,11/20/2017 03:17:00 PM,02/15/2018 03:51:00 PM,145.9063,-41.0528
SAARC Disaster Management Centre,http://saarc-sdmc.nic.in/latest192.asp,1048,07/02/2009 03:00:00 AM,,"Deurali VDC-8 in Kaski district, ","At least six people have died and two more have gone missing in separate land-slide related incidents in various parts of the country caused by incessant rainfall from the past few days.  Three members of a family died when a house was swept away by a mud-slide at Deurali VDC-8, Kaski district. There was a heavy rainfall all day Wednesday in the area, which probably caused the mudslides at 3 am Thursday morning. A huge log had also tumbled along the mudslide, destroying the Gurung family's house on the way. ","Deurali VDC-8 in Kaski district, ",50km,landslide,monsoon,medium,unknown,3,,,,,glc,1048,Nepal,NP,Western Region,200000,Pokhara,7.08117,04/01/2014 12:00:00 AM,11/20/2017 03:17:00 PM,02/15/2018 03:51:00 PM,83.9806,28.2039
SAARC Disaster Management Centre,http://saarc-sdmc.nic.in/latest192.asp,1049,07/02/2009 12:00:00 AM,,"Dhapade VDC-5, Tanahun district","At least six people have died and two more have gone missing in separate land-slide related incidents in various parts of the country caused by incessant rainfall from the past few days.  Similarly, two people have gone missing after a landslide swept away a house belonging to one Krishna Bahadur Bhujel of Dhapade VDC-5, Tanahun district.  Police said the missing are Bhujel's wife and daughter. Both are feared dead  ","Dhapade VDC-5, Tanahun district",25km,landslide,monsoon,medium,unknown,2,,,,,glc,1049,Nepal,NP,Western Region,0,Lamjung,32.28507,04/01/2014 12:00:00 AM,11/20/2017 03:17:00 PM,02/15/2018 03:51:00 PM,84.2279,27.9447
Hindustan Times,http://www.hindustantimes.com/world/death-toll-rises-to-15-in-japan-landslides-floods/story-k7EJFinIiCqfzUATg5vqML.html,1053,07/21/2009 12:00:00 AM,,Hofu city in Yamaguchi prefecture,"Two female bodies were found in hard-hit Hofu city in Yamaguchi prefecture, 750 kilometres (470 miles) west of Tokyo, and the remains of another female were found on a river bank in nearby Mine city, police said.  The disaster sparked by torrential rains killed 14 people in Yamaguchi -- including six who died when a large mudslide hit a Hofu nursing home on Tuesday -- while one man drowned in a flooded river in Tottori prefecture. Three people still remained missing in Yamaguchi Friday, police said. In Hofu city on Friday, a total of 635 search-and-rescue personnel and volunteers kept searching for the missing. The Hofu city office said there were 29 landslides and that rivers and canals flooded in 46 places. At least three cars were buried in mud and rocks.",Hofu city in Yamaguchi prefecture,5km,landslide,downpour,medium,unknown,6,,,,,glc,1053,Japan,JP,Yamaguchi,116925,Hōfu,0.57723,04/01/2014 12:00:00 AM,11/20/2017 03:17:00 PM,02/15/2018 03:51:00 PM,131.5729,34.0496
WYMT,http://www.wymt.com/content/news/Community-pulls-together-following-flooding-cleanup-423710754.html,9810,05/19/2017 08:14:00 PM,,"Mudslide in Pikeville, KY",Mudslide floods first level of house,"Kentucky Ave, Pikeville, KY",1km,mudslide,rain,small,urban,0,0,,,,,,,,,,,,06/20/2017 08:14:00 PM,11/20/2017 03:17:00 PM,02/15/2018 03:51:00 PM,-83.712126,36.770029
PhilStar Global,http://beta.philstar.com/breaking-news/489714/heavy-rains-kill-5-landslides-floods-japan,1058,07/24/2009 12:00:00 AM,,Hiroshima Prefecture (find more information),"Separately, two people were missing after a landslide flattened a home in Hiroshima, a local official said. Recent downpours have wreaked havoc in the region. ",Hiroshima Prefecture (find more information),10km,landslide,downpour,medium,unknown,2,,,,,glc,1058,Japan,JP,Hiroshima,1143841,Hiroshima-shi,1.2282,04/01/2014 12:00:00 AM,11/20/2017 03:17:00 PM,02/15/2018 03:51:00 PM,132.4592,34.3852
ChinaDaily,http://www.chinadaily.com.cn/china/2009-07/25/content_8473398.htm,1060,07/25/2009 12:00:00 AM,,"Wenchuan County, Sichuan","Torrential rains in Wenchuan County caused a landslide on July 25, killing six people and destroyed a bridge that is a key link for reconstruction of the county.","Wenchuan County, Sichuan",5km,landslide,downpour,medium,unknown,6,,,,,glc,1060,China,CN,Sichuan,0,Weizhou,1.08737,04/01/2014 12:00:00 AM,11/20/2017 03:17:00 PM,02/15/2018 03:51:00 PM,103.5868,31.483
Telegraph India,https://www.telegraphindia.com/1090707/jsp/siliguri/story_11202557.jsp,1061,07/01/2009 05:40:00 AM,,Bridge destroyed at 4th Mile,Landslides triggered by heavy rains hit an iron bridge on the North Sikkim Highway over Bar Khola at 4th Mile at around 5:40 am.,"4th Mile, Lower Mangshila in North Sikkim",1km,landslide,downpour,medium,unknown,0,,,,"Original source is unknown, but it appears to have given the time.",glc,1061,India,IN,,1464,Mangan,3.541,04/01/2014 12:00:00 AM,11/20/2017 03:17:00 PM,02/15/2018 03:51:00 PM,88.527,27.478
NBC News,http://www.nbcnews.com/id/32186051/ns/us_news-msnbc_wire_services/t/die-nepal-floods-landslides/#.WjqIuVWnEbM,1062,07/27/2009 12:00:00 AM,,Takdoo village (250 km North east of Kathmandu) ,"In the worst incident, at least 13 people were killed in a landslide in Takdoo village early Monday, chief government administrator Talasi Gautam said. He said rescuers were still digging through mud and debris searching for victims. The village, about 125 miles (200 kilometers) northeast of Katmandu, is at least two days’ trek from the district capital, and the continuing rain was making rescue efforts difficult.",Takdoo village (250 km North east of Kathmandu) ,25km,landslide,monsoon,large,unknown,13,,,,,glc,1062,Nepal,NP,,1600,Kodāri,24.0447,04/01/2014 12:00:00 AM,11/20/2017 03:17:00 PM,02/15/2018 03:51:00 PM,85.71,28
Reuters,https://in.reuters.com/article/idINIndia-41450420090731,1065,07/31/2009 12:00:00 AM,,(Chitrebhanjyang) Syangja districts,"The landslides followed heavy monsoonal rains since Thursday night. The largest death toll was seen in Syangja district, about 200 km west of Kathmandu, where five people died when their homes were smashed by falling mud and rocks, police said. The victims, who included people in their 70s and a five-year-old, were trapped in their homes Friday by debris when the side of a hill collapsed at Chitrebhanjyang, the police said. ",(Chitrebhanjyang) Syangja districts,50km,landslide,monsoon,medium,unknown,5,,,,,glc,1065,Nepal,NP,Western Region,21867,Wāling,17.40134,04/01/2014 12:00:00 AM,11/20/2017 03:17:00 PM,02/15/2018 03:51:00 PM,83.8791,28.1046
Alaska Business,http://www.akbizmag.com/Alaska-Business-Monthly/September-2009/Southeast-Region-Crews-Continue-Battling-Mudslides/,1181,09/20/2009 06:30:00 PM,,"Mile point 5.4 on Mitkof Highway, Petersburg, Alaska","On Sunday, a mudslide came down at mile point 5.4 of the Mitkof Highway. That mudslide littered the highway with trees and other debris. Crews cleared the road after only a few hours. Other report: Police received a call around 6:30pm on Sunday evening concerning a mudslide across an area around the 6.2-mile point of Mitkof Highway. Sokol described the mudslide itself as being approximately seven feet tall and 125 feet wide and suggested it began about 1,000 feet up the hillside. “It went clear across Mitkof Highway to the pullout on the opposite side of the road,” he said. He estimated about a dozen or so trees were taken down in the slide, some of which measured as large as 30 feet in length and four feet in diameter.","Mile point 5.4 on Mitkof Highway, Petersburg, Alaska",10km,mudslide,downpour,medium,unknown,,,,,,glc,1181,United States,US,Alaska,2369,Wrangell,23.55928,04/01/2014 12:00:00 AM,11/20/2017 03:17:00 PM,02/15/2018 03:51:00 PM,-132.7269,56.5561
Alaska Business,http://www.akbizmag.com/Alaska-Business-Monthly/September-2009/Southeast-Region-Crews-Continue-Battling-Mudslides/,1187,09/22/2009 02:00:00 AM,,"Mile 4.5, Mitkof Highway, Alaska","An additional slide covered part of the Mitkof Highway after midnight Tuesday at mile point 4.5. Responding crews found a 36 inch cross culvert buried under about three feet of rock and trees, along with almost six inches of water washing over the road.","Mile 4.5, Mitkof Highway, Alaska",5km,mudslide,downpour,medium,unknown,,,,,,glc,1187,United States,US,Alaska,2369,Wrangell,24.6152,04/01/2014 12:00:00 AM,11/20/2017 03:17:00 PM,02/15/2018 03:51:00 PM,-132.7348,56.5692
Alaska Business,http://www.akbizmag.com/Alaska-Business-Monthly/September-2009/Southeast-Region-Crews-Continue-Battling-Mudslides/,1188,09/22/2009 05:00:00 AM,,"Mile point 17.5, Mitkof Highway, Alaska","A second slide struck Mitkof Highway at about 5 a.m. Tuesday at mile point 17.5. There, crews came upon a slide covering about a 50-foot section of highway that was three feet deep. The crews cleared the road and reopened one lane to traffic within two hours and both lanes by 9 a.m.","Mile point 17.5, Mitkof Highway, Alaska",5km,mudslide,downpour,medium,unknown,,,,,,glc,1188,United States,US,Alaska,2369,Wrangell,16.55139,04/01/2014 12:00:00 AM,11/20/2017 03:17:00 PM,02/15/2018 03:51:00 PM,-132.5617,56.5787
KitsapSun,http://www.kitsapsun.com/news/2009/nov/18/mudslide-destroys-gig-harbor-area-garage/#ixzz0XKFjIQI7,1312,11/18/2009 12:00:00 AM,,"8500 block of 29th Street NW, Gig Harbor, Washington","A detached garage of a home in the 8500 block of 29th Street NW, along with two vehicles, was destroyed in the early morning hours of Monday, Nov. 16.  Fire crews suspect that heavy rains loosened a section of hillside above the home, creating a slide approximately 50 feet by 200 feet in size that lifted a pickup truck onto the roof of the garage. The weight of the truck and mud caused the garage roof to collapse.","8500 block of 29th Street NW, Gig Harbor, Washington",1km,mudslide,downpour,small,unknown,0,,,,,glc,1312,United States,US,Washington,6651,Wollochet,2.74791,04/01/2014 12:00:00 AM,11/20/2017 03:17:00 PM,02/15/2018 03:51:00 PM,-122.5562,47.2846
The Jakarta Post,https://www.pressreader.com/indonesia/the-jakarta-post/20091123/282441345177838,1319,11/21/2009 12:00:00 AM,,"49 points along the villages' road, Bruno district, Purworejo regency ","Meanwhile, nine houses were badly damaged and 37 others were slightly damaged by the landslide that occured on Saturday evening in two villages, in Bruno district, Purworejo regency. No fatalities were reported. The landslides happened at 49 points along the villages' road, spanning 10 kilometers and isolating the villages. ","49 points along the villages' road, Bruno district, Purworejo regency ",25km,landslide,downpour,medium,unknown,0,,,,,glc,1319,Indonesia,ID,Central Java,31352,Kutoarjo,16.15374,04/01/2014 12:00:00 AM,11/20/2017 03:17:00 PM,02/15/2018 03:51:00 PM,109.9187,-7.571
Vietnamnet,http://english.vietnamnet.vn/fms/society/181263/rain-triggered-floods--landslides-kill-six-in-ha-giang.html,9962,07/03/2017 02:33:00 PM,,Landslide on road,Landslide (following heavy storms) linking Coc Pai town and Na Tri commune (??) blocks road,"Huyện Xín Mần, Hà Giang",25km,landslide,downpour,small,above_road,0,0,,,"Date approximate (article states """"Since June 19"""")",,,,,,,,,07/05/2017 02:33:00 PM,11/20/2017 03:17:00 PM,02/15/2018 03:51:00 PM,104.4530851,22.69040325
WRCBtv.com,http://www.wrcbtv.com/story/11646330/wednesday-afternoon-update-road-closing-list,1353,12/09/2009 12:00:00 AM,,Creek Road is closed at Signal Mountain Road,"Heavy Rain, Mud Slides, Downed Trees Close Many Schools. Heavy rains and strong winds overnight closed many area schools and roads. The Hamilton County Sheriff's Office was reporting the following road hazards and closures at 5 a.m. W Road is partially closed due to mud slides.  Signal Mountain Road is closed to traffic traveling up or down the mountain due to trees down and mud slides. Roberts Mill Road is closed at Levi due to water on the road. Suck Creek Road is closed at Signal Mountain Road due to water over the road and mud slides on the Marion County side.",Creek Road is closed at Signal Mountain Road,5km,mudslide,downpour,small,unknown,0,,,,,glc,1353,United States,US,Tennessee,167674,Chattanooga,5.97545,04/01/2014 12:00:00 AM,11/20/2017 03:17:00 PM,02/15/2018 03:51:00 PM,-85.3697,35.0672
WRCBtv.com,http://www.wrcbtv.com/story/11646330/wednesday-afternoon-update-road-closing-list,1354,12/09/2009 12:00:00 AM,,Signal Mountain Road,"Heavy Rain, Mud Slides, Downed Trees Close Many Schools. Heavy rains and strong winds overnight closed many area schools and roads. The Hamilton County Sheriff's Office was reporting the following road hazards and closures at 5 a.m. W Road is partially closed due to mud slides.  Signal Mountain Road is closed to traffic traveling up or down the mountain due to trees down and mud slides. Roberts Mill Road is closed at Levi due to water on the road. Suck Creek Road is closed at Signal Mountain Road due to water over the road and mud slides on the Marion County side.",Signal Mountain Road,5km,mudslide,downpour,small,unknown,0,,,,,glc,1354,United States,US,Tennessee,7554,Signal Mountain,2.05274,04/01/2014 12:00:00 AM,11/20/2017 03:17:00 PM,02/15/2018 03:51:00 PM,-85.3361,35.1052
CNN,http://www.cnn.com/2010/WORLD/americas/01/01/brazil.floods/index.html,1382,01/01/2010 12:00:00 AM,,Mudslide crushed the Sankay Inn,Lodge and nearby houses were hit by a 300 m wide landslide and went into the sea at 4:30 am,Rio de Janeiro state,25km,mudslide,downpour,large,unknown,22,28,,,Death toll is likely higher,glc,1382,Brazil,BR,Rio de Janeiro,153635,Angra dos Reis,2.5888,04/01/2014 12:00:00 AM,11/20/2017 03:17:00 PM,02/15/2018 03:51:00 PM,-44.32249842,-23.01374445
Oregon DOT,,8208,02/06/2015 01:18:00 PM,,"OR 42, milepost 42.2",,"OR 42, milepost 42.2",exact,landslide,unknown,unknown,above_road,0,0,,,,glc,8208,United States,US,Oregon,3742,Lafayette,3.64565,07/01/2016 06:10:00 PM,11/20/2017 03:17:00 PM,02/15/2018 03:51:00 PM,-123.1587,45.2335
globo,"http://g1.globo.com/Noticias/Rio/0,,MUL1560027-5606,00-MORADORES+DE+NITEROI+REVIRAM+ESCOMBROS+ATRAS+DE+VIZINHOS+DESAPARECIDOS.html",1617,04/05/2010 12:00:00 AM,,landslide hit 10 homes,"Landslide began on Monday at eleven o'clock, and without help from firefighters, people are sheltering in buildings near the community. Residents have donated clothes, food and mattresses, but still need more help. Homeless people are at the College William Briggs","Travessa Doutor Beltrão, Santa Rosa",1km,landslide,downpour,medium,unknown,0,,,"http://g1.globo.com/Noticias/Rio/foto/0,,39212774-EX,00.jpg","Original source unknown, but it said that the landslide occurred at 11 am",glc,1617,Brazil,BR,Rio de Janeiro,456456,Niterói,2.64466,04/01/2014 12:00:00 AM,11/20/2017 03:17:00 PM,02/15/2018 03:51:00 PM,-43.07409842,-22.89234445
E-Pao,http://www.e-pao.net/GP.asp?src=28..210810.aug10,2164,07/29/2010 11:00:00 PM,,"Chingai-Kuingai(Quingai) route (16 kms), Chingai subdivision, Ukhrul district, Manipur","Since the Chingai-Quingai road has been sunk due to landslides at various points following heavy rainfall that occured twice during the past 20 days, nearly 5,000 villagers of five villages in the sub-division are facing the alarming possibility of starvation.  The road from Chingai to Quingai in Chingai sub-division of Ukhrul district connects Quingai, Chalou, New Tasom, Tasom CV and Tasom Khullen villages.  However, the road has been disconnected in various places due to heavy rainfall that occurred on the night between July 29 and 30 and again on the night of August 15 .  According to Secretary, Information and Publicity, Northern Raphei Students' Union (NRSU), HAS Thuingaleng, nearly 5,000 villagers of the said villages have been facing extreme hardship.  The wooden bridge over Rondei river had been washed away by the powerful current of the river disconnecting the road.  Moreover, landslides have occurred completely blocking the road at different places.  However, due to the heavy","Chingai-Kuingai(Quingai) route (16 kms), Chingai subdivision, Ukhrul district, Manipur",25km,landslide,downpour,medium,unknown,0,,,,,glc,2164,India,IN,Manipur,15118,Phek,39.51186,04/01/2014 12:00:00 AM,11/20/2017 03:17:00 PM,02/15/2018 03:51:00 PM,94.48214677,25.3098633
Dawn,https://www.dawn.com/news/551761,2216,08/06/2010 12:00:00 AM,,"Gircha and Sarteez(Sartiz) villages, Gojal Tehsil, gilgit-baltistan","GILGIT, Aug 7:   Landslides and flash floods triggered by lightening also hit Gircha and Sarteez villages in Gojal Tehsil on the China border, displacing hundreds of people and destroying a bridge and crops. Uncertain date: 5 - 7","Gircha and Sarteez(Sartiz) villages, Gojal Tehsil, gilgit-baltistan",5km,landslide,downpour,medium,unknown,0,,,,,glc,2216,Pakistan,PK,Gilgit-Baltistan,2005,Barishāl,41.15433,04/01/2014 12:00:00 AM,11/20/2017 03:17:00 PM,02/15/2018 03:51:00 PM,74.8609,36.6567
The Freeman,http://www.philstar.com/cebu-news/621414/landslides-hit-upland-barangays,2601,10/16/2010 12:00:00 AM,,"Barrangay Pulang Bato (Pulangbato), Cebu","Landslides were also reported in Cebu City’s mountain barangays of Kalunasan, Binaliw, Pulang Bato and in Lahug. Heavy rains have also flooded the highway along barangay Lipata in Minglanilla town. Comision said he was among those who were stranded along sitio Linao in barangay Lipata, Minglanilla when water entered his vehicle at he was passing through the area for Cebu City at around 6 p.m. yesterday. The latest record of rainfall was only at 8 millimeters. Although the volume is not as big as the previous rains, floods and landslides could not be discounted, he said. Pag-asa has hoisted storm signal number three over Northern Luzon, the Cagayan Valley, Calayaan Group of Islands, Babuyan Group of islands and Isabela as of 5 p.m. yesterday, as Juan gained strength. ","Barrangay Pulang Bato (Pulangbato), Cebu",25km,landslide,tropical_cyclone,medium,unknown,0,,Supertyphoon Juan (Megi),,,glc,2601,Philippines,PH,Central Visayas,48638,Consolacion,5.0295,04/01/2014 12:00:00 AM,11/20/2017 03:17:00 PM,02/15/2018 03:51:00 PM,123.9153,10.395
ibnlive.in,http://ibnlive.in.com/generalnewsfeed/news/two-killed-as-heavy-rains-lash-uttarakhand/759890.html,3821,07/21/2011 12:00:00 AM,,"Kumaon, Uttarakhand","Dehradun, July 21 (PTI) Two persons were killed and five injured in Uttarakhand, where incessant rains triggered landslides in Garhwal and Kumaon region, blocking several routes and disrupted normal life.Scores of pilgrims were stranded as the debris from landslides was lying on the routes to 'Chardham'-- Yamunotri, Gangotri, Kedarnath and Badrinath, officials said.One person was killed and another injured when the roof of a bus stand collapsed after overnight heavy rains in Chamoli district.In Almora, a jeep skidded off the road and fell into a gorge leaving one person dead and four others injured, they said.In several places, mud house collapsed and crops were were damaged. 16 people have died and 70 have been injured in rain related incidents during this monsoon season.","Kumaon, Uttarakhand",25km,landslide,rain,medium,unknown,1,,,,,glc,3821,India,IN,Uttarakhand,32442,Almora,15.271,04/01/2014 12:00:00 AM,11/20/2017 03:17:00 PM,02/15/2018 03:51:00 PM,79.6367,29.7334
The Freeman,http://www.philstar.com/cebu-news/621414/landslides-hit-upland-barangays,2607,10/17/2010 12:00:00 AM,,"barangay Kalunasan, Cebu","Landslides were also reported in Cebu City’s mountain barangays of Kalunasan, Binaliw, Pulang Bato and in Lahug. Heavy rains have also flooded the highway along barangay Lipata in Minglanilla town. Comision said he was among those who were stranded along sitio Linao in barangay Lipata, Minglanilla when water entered his vehicle at he was passing through the area for Cebu City at around 6 p.m. yesterday. The latest record of rainfall was only at 8 millimeters. Although the volume is not as big as the previous rains, floods and landslides could not be discounted, he said. Pag-asa has hoisted storm signal number three over Northern Luzon, the Cagayan Valley, Calayaan Group of Islands, Babuyan Group of islands and Isabela as of 5 p.m. yesterday, as Juan gained strength.  In barangay Kalunasan, a riprap wall in sitio Lokana collapsed six hours before a landslide momentarily made impassable the road in sitio Tagaytay.","barangay Kalunasan, Cebu",25km,landslide,tropical_cyclone,medium,unknown,0,,Supertyphoon Juan (Megi),,,glc,2607,Philippines,PH,Central Visayas,7779,Asturias,0.5475,04/01/2014 12:00:00 AM,11/20/2017 03:17:00 PM,02/15/2018 03:51:00 PM,123.72,10.57
The Freeman,http://www.philstar.com/cebu-news/621414/landslides-hit-upland-barangays,2608,10/17/2010 12:00:00 AM,,"Barrangay Binaliw, Cebu","Landslides were also reported in Cebu City’s mountain barangays of Kalunasan, Binaliw, Pulang Bato and in Lahug. Heavy rains have also flooded the highway along barangay Lipata in Minglanilla town. Comision said he was among those who were stranded along sitio Linao in barangay Lipata, Minglanilla when water entered his vehicle at he was passing through the area for Cebu City at around 6 p.m. yesterday. The latest record of rainfall was only at 8 millimeters. Although the volume is not as big as the previous rains, floods and landslides could not be discounted, he said. Pag-asa has hoisted storm signal number three over Northern Luzon, the Cagayan Valley, Calayaan Group of Islands, Babuyan Group of islands and Isabela as of 5 p.m. yesterday, as Juan gained strength. ","Barrangay Binaliw, Cebu",10km,landslide,tropical_cyclone,medium,unknown,0,,Supertyphoon Juan (Megi),,,glc,2608,Philippines,PH,Central Visayas,2968,Sogod,2.66226,04/01/2014 12:00:00 AM,11/20/2017 03:17:00 PM,02/15/2018 03:51:00 PM,123.98,10.77
Google Earth,,2988,01/12/2011 12:00:00 AM,,Nova Friburgo area,GeoEye image in Google  Earth,Nova Friburgo area,10km,mudslide,downpour,very_large,unknown,0,,,,,glc,2988,Brazil,BR,Rio de Janeiro,153361,Nova Friburgo,9.07433,04/01/2014 12:00:00 AM,11/20/2017 03:17:00 PM,02/15/2018 03:51:00 PM,-42.6018,-22.2331
Tribune India.com,,37,03/19/2007 12:00:00 AM,,Doba,"2 killed, 5 injured",Doba,25km,landslide,rain,medium,unknown,2,,,,,glc,37,India,IN,Kashmir,14711,Kupwāra,18.10887,04/01/2014 12:00:00 AM,11/20/2017 03:17:00 PM,02/15/2018 03:51:00 PM,74.3333,33.8778
WCAX,http://www.wcax.com/story/14568957/massive-mud-slide-hits-franklin-county,3463,05/04/2011 09:00:00 AM,,"on transfer station rd near old landfill(?), Franklin county, VT","And that wasn't the only landslide created by all the rain. Just down the road there's another one-- over 100-feet long and also of great concern because it's only 35 feet away from Highgate's old landfill.  …  Highgate, Vermont - May 4, 2011   -----  The landslide, within a half-mile of the Brousseau Road intersection with Route 207, occurred earlier this month. At the same time, a landslide was found above the Swanton dam on the Missisquoi River that took out power lines and another that endangered the town's buried landfill.  The Brousseau landslide is smaller than the other two, but is a greater safety threat, according to Highgate Town Administrator David Jescavage. ""That one is a top priority, safety wise,"" said Jescavage of the Brousseau Road slide.  …  The landslide along Transfer Station Road near the old landfill may qualify for federal funds, but the town property above the Missisquoi River on Route 207 does not qualify because no infrastructure owned by the town was harme","on transfer station rd near old landfill(?), Franklin county, VT",1km,mudslide,downpour,small,unknown,0,,,,,glc,3463,United States,US,Vermont,2386,Swanton,5.80477,04/01/2014 12:00:00 AM,11/20/2017 03:17:00 PM,02/15/2018 03:51:00 PM,-73.0562,44.9378
IBN,http://ibnlive.in.com/generalnewsfeed/news/yatra-to-kedarnath-gangotri-yamunotri-resumes/745000.html,3669,06/29/2011 12:00:00 AM,,"National Highway leading to Gangotri, from Dehradun","Jul 1 (PTI) National highways leading to Kedarnath, Gangotri and Yamunotri, which were blocked due to landslides following heavy rains, were reopened today for traffic to resume the yatra, official sources said.The national highways leading to Kedarnath, Gangotri and Yamunotri were reopened for traffic after the Border Road Organisation (BRO) and police personnel cleared the debris, they said.However, traffic on Almora-Pithoragarh road could not be resumed as landslides continued to hit the area. Pauri- Safdarkhal road has also been blocked at Khundadhar area due to landslides.The landslides triggered by heavy rains for the past couple of days in most parts of Uttarakhand had blocked several roads in the state and forced the government to issue an alert.Uttarakhand Chief Minister Ramesh Pokhriyal Nishank has directed the district magistrates of all the 13 districts to remain on alert.A total of 10 people have so far been killed in the state in various rains-related incidents for the pa","National Highway leading to Gangotri, from Dehradun",50km,landslide,downpour,medium,unknown,0,,,,,glc,3669,India,IN,Uttarakhand,17123,Uttarkāshi,34.03469,04/01/2014 12:00:00 AM,11/20/2017 03:17:00 PM,02/15/2018 03:51:00 PM,78.7963,30.7666
asiantribune,http://www.asiantribune.com/news/2011/07/03/flood-and-landslide-wreak-havoc-death-toll-reaches-12,3712,07/03/2011 12:00:00 AM,,Rural roads in Arghakhanchi,"Kathmandu, 03 July, (Asiantribune.com):  Flood and landslide triggered by incessant rainfall over the past few days in different parts of the country have killed at least 12 persons including three children from a single family and displaced hundreds of families. The torrential rains have also inundated dozens of houses and damaged roads, obstructing vehicular movement in various parts of the country.  Reports said three siblings of same family were killed by landslide triggered by excessive rainfall in Malatikot VDC-7 of Achchham district in western Nepal on Saturday. They met tragic death when their mother had gone to nearby river to fetch drinking water.  Likewise, a girl was buried to death by landslide in Tanahu district in central part of the country. Jyoti Thapa, 12, of Bhagawatipur VDC-5 in the district was buried to death while out cutting grass.  Similarly in neighboring Arghakhanchi district, two persons have been killed in separate mishaps caused by incessant rains. Kunti M",Rural roads in Arghakhanchi,unknown,landslide,downpour,medium,unknown,2,,,,,glc,3712,Nepal,NP,Western Region,91733,Butwāl,13.24717,04/01/2014 12:00:00 AM,11/20/2017 03:17:00 PM,02/15/2018 03:51:00 PM,83.5754,27.7394
www.abs-cbnnews.com,http://www.abs-cbnnews.com/nation/regions/07/21/13/rains-cause-landslide-3-cebu-barangays,5154,07/21/2013 12:00:00 AM,,"Sapangdaku, Cebu City","Three barangays in Cebu City experienced landslides due to the non-stop rains that hit the area since Saturday night. According to Cebu City Risk Reduction and Management Council (CDRRMC), the affected barangays were Buhisan, Pamutan at Sapangdaku. The CDRRMC added no one was hurt from the incidents.","Sapangdaku, Cebu City",5km,landslide,rain,medium,unknown,0,,,,,glc,5154,Philippines,PH,Central Visayas,798634,Cebu City,2.8399,04/01/2014 12:00:00 AM,11/20/2017 03:17:00 PM,02/15/2018 03:51:00 PM,123.8725,10.335
asiantribune,http://www.asiantribune.com/news/2011/07/03/flood-and-landslide-wreak-havoc-death-toll-reaches-12,3709,07/03/2011 12:00:00 AM,,Rural Roads in Baglung,"Kathmandu, 03 July, (Asiantribune.com):  Flood and landslide triggered by incessant rainfall over the past few days in different parts of the country have killed at least 12 persons including three children from a single family and displaced hundreds of families. The torrential rains have also inundated dozens of houses and damaged roads, obstructing vehicular movement in various parts of the country.  Reports said three siblings of same family were killed by landslide triggered by excessive rainfall in Malatikot VDC-7 of Achchham district in western Nepal on Saturday. They met tragic death when their mother had gone to nearby river to fetch drinking water.  Likewise, a girl was buried to death by landslide in Tanahu district in central part of the country. Jyoti Thapa, 12, of Bhagawatipur VDC-5 in the district was buried to death while out cutting grass.  Similarly in neighboring Arghakhanchi district, two persons have been killed in separate mishaps caused by incessant rains. Kunti M",Rural Roads in Baglung,25km,landslide,downpour,medium,unknown,0,,,,,glc,3709,Nepal,NP,Western Region,23296,Bāglung,30.9652,04/01/2014 12:00:00 AM,11/20/2017 03:17:00 PM,02/15/2018 03:51:00 PM,83.2934,28.3683
asiantribune,http://www.asiantribune.com/news/2011/07/03/flood-and-landslide-wreak-havoc-death-toll-reaches-12,3710,07/03/2011 12:00:00 AM,,Rural Roads in Gulmi,"Kathmandu, 03 July, (Asiantribune.com):  Flood and landslide triggered by incessant rainfall over the past few days in different parts of the country have killed at least 12 persons including three children from a single family and displaced hundreds of families. The torrential rains have also inundated dozens of houses and damaged roads, obstructing vehicular movement in various parts of the country.  Reports said three siblings of same family were killed by landslide triggered by excessive rainfall in Malatikot VDC-7 of Achchham district in western Nepal on Saturday. They met tragic death when their mother had gone to nearby river to fetch drinking water.  Likewise, a girl was buried to death by landslide in Tanahu district in central part of the country. Jyoti Thapa, 12, of Bhagawatipur VDC-5 in the district was buried to death while out cutting grass.  Similarly in neighboring Arghakhanchi district, two persons have been killed in separate mishaps caused by incessant rains. Kunti M",Rural Roads in Gulmi,5km,landslide,downpour,medium,unknown,0,,,,,glc,3710,Nepal,NP,Western Region,23693,Tānsen,34.98625,04/01/2014 12:00:00 AM,11/20/2017 03:17:00 PM,02/15/2018 03:51:00 PM,83.2934,28.0889
Nation News,http://www.nationnews.com/nationnews/news/97426/tropical-storm-beatriz-leaves-dead-mexico,9763,06/02/2017 01:34:00 PM,,Landslides in Oaxaca caused by Tropical Storm Beatriz,Landslide in San Francisco Ozolotepec kills 2,"San Francisco Ozolotepec, Oaxaca",10km,landslide,tropical_cyclone,medium,natural_slope,2,,Tropical Storm Beatriz,,,,,,,,,,,06/16/2017 01:34:00 PM,11/20/2017 03:17:00 PM,02/15/2018 03:51:00 PM,-96.22255907,16.09880042
ibnlive.in,http://ibnlive.in.com/generalnewsfeed/news/chardham-yatra-suspended-due-to-rains/752982.html,3750,07/09/2011 12:00:00 AM,,Gangotri,"Dehra Dun, Jul 9 (PTI) The 'Chardham' yatra in Garhwal Himalayas was temporarily suspended today due to inclement weather and landslides triggered by incessant rains along the yatra route.Landslides struck a number of places leading to the four shrines of Badrinath, Kedarnath, Gangotri and Yamunotri, forcing the administration to halt the pilgrimage, official sources said, adding hundreds of pilgrims were stranded in the area.The pilgrimage to the revered shrine of Badrinath was suspended by the administration after landslides occurred near Lambagad this morning.Rishikesh-Gangotri highway was also affected by landslides at Gangnani blocking movement of traffic, they said.Efforts are on to remove the debris from the roads and personnel of Border Road Organisation (BRO) have been deployed to clear them and open for vehicular traffic.The Uttarakhand government has issued an alert following heavy rains in the state for the past four days that left 10 people, including two women, dead and t",Gangotri,50km,landslide,downpour,medium,unknown,0,,,,,glc,3750,India,IN,Uttarakhand,17123,Uttarkāshi,14.8033,04/01/2014 12:00:00 AM,11/20/2017 03:17:00 PM,02/15/2018 03:51:00 PM,78.5925,30.7652
ibnlive.in,http://ibnlive.in.com/generalnewsfeed/news/chardham-yatra-suspended-due-to-rains/752982.html,3751,07/09/2011 12:00:00 AM,,Kedarnath,"Dehra Dun, Jul 9 (PTI) The 'Chardham' yatra in Garhwal Himalayas was temporarily suspended today due to inclement weather and landslides triggered by incessant rains along the yatra route.Landslides struck a number of places leading to the four shrines of Badrinath, Kedarnath, Gangotri and Yamunotri, forcing the administration to halt the pilgrimage, official sources said, adding hundreds of pilgrims were stranded in the area.The pilgrimage to the revered shrine of Badrinath was suspended by the administration after landslides occurred near Lambagad this morning.Rishikesh-Gangotri highway was also affected by landslides at Gangnani blocking movement of traffic, they said.Efforts are on to remove the debris from the roads and personnel of Border Road Organisation (BRO) have been deployed to clear them and open for vehicular traffic.The Uttarakhand government has issued an alert following heavy rains in the state for the past four days that left 10 people, including two women, dead and t",Kedarnath,25km,landslide,downpour,medium,unknown,0,,,,,glc,3751,India,IN,Uttarakhand,2000,Pīpalkoti,48.67682,04/01/2014 12:00:00 AM,11/20/2017 03:17:00 PM,02/15/2018 03:51:00 PM,79.0685,30.7331
ibnlive.in,http://ibnlive.in.com/generalnewsfeed/news/chardham-yatra-suspended-due-to-rains/752982.html,3752,07/09/2011 12:00:00 AM,,Yamunotri,"Dehra Dun, Jul 9 (PTI) The 'Chardham' yatra in Garhwal Himalayas was temporarily suspended today due to inclement weather and landslides triggered by incessant rains along the yatra route.Landslides struck a number of places leading to the four shrines of Badrinath, Kedarnath, Gangotri and Yamunotri, forcing the administration to halt the pilgrimage, official sources said, adding hundreds of pilgrims were stranded in the area.The pilgrimage to the revered shrine of Badrinath was suspended by the administration after landslides occurred near Lambagad this morning.Rishikesh-Gangotri highway was also affected by landslides at Gangnani blocking movement of traffic, they said.Efforts are on to remove the debris from the roads and personnel of Border Road Organisation (BRO) have been deployed to clear them and open for vehicular traffic.The Uttarakhand government has issued an alert following heavy rains in the state for the past four days that left 10 people, including two women, dead and t",Yamunotri,25km,landslide,downpour,medium,unknown,0,,,,,glc,3752,India,IN,Uttarakhand,7725,Barkot,30.56741,04/01/2014 12:00:00 AM,11/20/2017 03:17:00 PM,02/15/2018 03:51:00 PM,78.4129,31.0188
KMPH,http://kmph.com/news/local/yosemite-park-entrance-closed-due-to-rockslide,9744,01/06/2017 02:34:00 PM,,Rockslide in Yosemite,"Boulders fall on entrance to Yosemite Park, blocking the road",Entrance to Yosemite Park on Highway  40,25km,rock_fall,unknown,small,above_road,0,0,,https://pbs.twimg.com/media/CYJs_hAWkAAp0xV.jpg:large,,,,,,,,,,06/16/2017 01:34:00 PM,11/20/2017 03:17:00 PM,02/15/2018 03:51:00 PM,-119.7795082,37.67607624
Motioncars,http://motioncars.inquirer.net/49864/rains-damage-roads-bridges-cordillera-tourist-towns,9769,05/30/2017 01:34:00 PM,,Rain and Landslide damage in Cordillera Region,Landslides due to rains and flooding affect roads,Sitio Tiktik (??) in Barangay Bontoc,25km,landslide,rain,small,above_road,0,0,,,,,,,,,,,,06/16/2017 01:34:00 PM,11/20/2017 03:17:00 PM,02/15/2018 03:51:00 PM,120.9613282,16.77787239
latino.foxnews,http://latino.foxnews.com/latino/news/2011/07/18/rainstorm-kills-6-in-northeast-brazil/,3785,07/16/2011 12:00:00 AM,,Pernambuco,"At least six people died in the torrential rains that buffeted the northeastern Brazilian state of Pernambuco over the weekend, emergency management officials said. A mudslide killed four members of a family in Camaragibe, a city in the Recife metropolitan area, the Pernambuco emergency management office said.  A man was killed by a mudslide in Recife, the capital of Pernambuco, and a 13-year-old girl died when she fell into a flooded ditch in the neighboring city of Olinda. The heavy rains, which hit the region on Saturday and Sunday, caused at least 48 mudslides in Pernambuco, affecting traffic and the delivery of some essential services. Moderate rainfall is expected this week in the region, the weather service said. About 50 cities in Pernambuco were affected by heavy rains in April and nine municipalities, where nearly 15,000 people were affected by flooding and other problems, were declared disaster areas. Landslide occurred on the 16th or 17th. Read more: http://latino.foxnews.c",Pernambuco,unknown,mudslide,downpour,medium,unknown,0,,,,,glc,3785,Brazil,BR,Pernambuco,20324,Buíque,30.61676,04/01/2014 12:00:00 AM,11/20/2017 03:17:00 PM,02/15/2018 03:51:00 PM,-36.9541,-8.8137
Republic the Philippines Mines & Geosciences Bureau,http://r7.mgb.gov.ph/16-february-2012/,4197,02/14/2012 12:00:00 AM,,"Pulangbato, Cebu City","CEBU CITY, February 15 (PIA) --- The Mines and Geosciences Bureau (MGB)-7 reiterated its findings that portions of Barangays Busay, Binaliw, and Pulangbato in Cebu City are highly susceptible to landslides following the downpour of intense rains in Cebu. In an official report from the Regional Disaster Risk Reduction and Management Council (RDRRMC), the three mentioned barangays experienced minor landslides yesterday after the heavy downpour of rains. The barangays are located northwest of Cebu City and have steep terrains that are prone to the occurrence of landslides.","Pulangbato, Cebu City",10km,landslide,downpour,medium,unknown,0,,,,,glc,4197,Philippines,PH,Central Visayas,48638,Consolacion,4.34527,04/01/2014 12:00:00 AM,11/20/2017 03:17:00 PM,02/15/2018 03:51:00 PM,123.92,10.39
latino.foxnews,http://latino.foxnews.com/latino/news/2011/07/18/rainstorm-kills-6-in-northeast-brazil/,3786,07/16/2011 12:00:00 AM,,Recife,"At least six people died in the torrential rains that buffeted the northeastern Brazilian state of Pernambuco over the weekend, emergency management officials said. A mudslide killed four members of a family in Camaragibe, a city in the Recife metropolitan area, the Pernambuco emergency management office said.  A man was killed by a mudslide in Recife, the capital of Pernambuco, and a 13-year-old girl died when she fell into a flooded ditch in the neighboring city of Olinda. The heavy rains, which hit the region on Saturday and Sunday, caused at least 48 mudslides in Pernambuco, affecting traffic and the delivery of some essential services. Moderate rainfall is expected this week in the region, the weather service said. About 50 cities in Pernambuco were affected by heavy rains in April and nine municipalities, where nearly 15,000 people were affected by flooding and other problems, were declared disaster areas. Landslide occurred on the 16th or 17th. Read more: http://latino.foxnews.c",Recife,5km,mudslide,downpour,medium,unknown,1,,,,,glc,3786,Brazil,BR,Pernambuco,1478098,Recife,0.05001,04/01/2014 12:00:00 AM,11/20/2017 03:17:00 PM,02/15/2018 03:51:00 PM,-34.8813,-8.0543
ibnlive.in,http://ibnlive.in.com/generalnewsfeed/news/two-killed-as-heavy-rains-lash-uttarakhand/759890.html,3819,07/21/2011 12:00:00 AM,,"Chamoli , Uttarakhand","Dehradun, July 21 (PTI) Two persons were killed and five injured in Uttarakhand, where incessant rains triggered landslides in Garhwal and Kumaon region, blocking several routes and disrupted normal life.Scores of pilgrims were stranded as the debris from landslides was lying on the routes to 'Chardham'-- Yamunotri, Gangotri, Kedarnath and Badrinath, officials said.One person was killed and another injured when the roof of a bus stand collapsed after overnight heavy rains in Chamoli district.In Almora, a jeep skidded off the road and fell into a gorge leaving one person dead and four others injured, they said.In several places, mud house collapsed and crops were were damaged. 16 people have died and 70 have been injured in rain related incidents during this monsoon season.","Chamoli , Uttarakhand",25km,landslide,rain,medium,unknown,1,,,,,glc,3819,India,IN,Uttarakhand,2000,Pīpalkoti,9.78584,04/01/2014 12:00:00 AM,11/20/2017 03:17:00 PM,02/15/2018 03:51:00 PM,79.3318,30.4043
china,http://www.china.org.cn/environment/2011-07/22/content_23044018.htm,3833,07/22/2011 12:00:00 AM,,Colima,"The Mexican authorities remained on high alert Thursday as torrential rains and sea waves over 4 meters high slammed the coastline in five states on the Pacific, causing widespread flooding and landslides.  Dora continued to be ""an extremely dangerous"" Category 4 hurricane with sustained winds reaching as much as 250 kilometers per hour and with the highest gusts measured at 305 kilometers per hour, the Miami-based U.S. National Hurricane Center (NHC) said.  The rains and winds from Dora, which was moving along Mexico's Pacific coast, were reported to cause flooding, landslides and falling trees in the Southern States of Chiapas and Gurrero and central states of Michoacan, Nayarit and Colima, an official at Mexico's National Metrological Center said.  There were no immediate reports of casualties, but emergency personal were on full alert as Dora is expected to continue to move along the coast for several more days, dumping rain on vulnerable mountain communities where soils easily s",Colima,50km,landslide,tropical_cyclone,medium,unknown,0,,Hurricane Dora,,,glc,3833,Mexico,MX,Colima,127235,Colima,0.36051,04/01/2014 12:00:00 AM,11/20/2017 03:17:00 PM,02/15/2018 03:51:00 PM,-103.7244,19.2444
china,http://www.china.org.cn/environment/2011-07/22/content_23044018.htm,3834,07/22/2011 12:00:00 AM,,Gurrero,"The Mexican authorities remained on high alert Thursday as torrential rains and sea waves over 4 meters high slammed the coastline in five states on the Pacific, causing widespread flooding and landslides.  Dora continued to be ""an extremely dangerous"" Category 4 hurricane with sustained winds reaching as much as 250 kilometers per hour and with the highest gusts measured at 305 kilometers per hour, the Miami-based U.S. National Hurricane Center (NHC) said.  The rains and winds from Dora, which was moving along Mexico's Pacific coast, were reported to cause flooding, landslides and falling trees in the Southern States of Chiapas and Gurrero and central states of Michoacan, Nayarit and Colima, an official at Mexico's National Metrological Center said.  There were no immediate reports of casualties, but emergency personal were on full alert as Dora is expected to continue to move along the coast for several more days, dumping rain on vulnerable mountain communities where soils easily s",Gurrero,unknown,landslide,tropical_cyclone,medium,unknown,0,,Hurricane Dora,,,glc,3834,Mexico,MX,Guerrero,165250,Chilpancingo de los Bravos,6.8095,04/01/2014 12:00:00 AM,11/20/2017 03:17:00 PM,02/15/2018 03:51:00 PM,-99.538,17.4974
The Himalayan Times,https://thehimalayantimes.com/nepal/landslide-obstructs-vehicular-movement-narayangadh-muglin-road/,9944,07/03/2017 06:04:00 PM,,Landslide at Narayangadh-Muglin road,Overnight rainfall triggered a landslide near Kalikhola in Chandibhanjyang VDC of Chitwan district bringing traffic to a halt since 5:00 am. The Narayangadh-Muglin road section has been obstructed due to the landslide in Chitwan district .,"Narayangadh-Muglin road section, Chitwan, Nepal",5km,landslide,rain,medium,above_road,0,0,,,,,,,,,,,,07/03/2017 06:04:00 PM,11/20/2017 03:17:00 PM,02/15/2018 03:51:00 PM,84.54704621,27.83196401
china,http://www.china.org.cn/environment/2011-07/22/content_23044018.htm,3835,07/22/2011 12:00:00 AM,,Michoacan,"The Mexican authorities remained on high alert Thursday as torrential rains and sea waves over 4 meters high slammed the coastline in five states on the Pacific, causing widespread flooding and landslides.  Dora continued to be ""an extremely dangerous"" Category 4 hurricane with sustained winds reaching as much as 250 kilometers per hour and with the highest gusts measured at 305 kilometers per hour, the Miami-based U.S. National Hurricane Center (NHC) said.  The rains and winds from Dora, which was moving along Mexico's Pacific coast, were reported to cause flooding, landslides and falling trees in the Southern States of Chiapas and Gurrero and central states of Michoacan, Nayarit and Colima, an official at Mexico's National Metrological Center said.  There were no immediate reports of casualties, but emergency personal were on full alert as Dora is expected to continue to move along the coast for several more days, dumping rain on vulnerable mountain communities where soils easily s",Michoacan,unknown,landslide,tropical_cyclone,medium,unknown,0,,Hurricane Dora,,,glc,3835,Mexico,MX,Michoacán,2817,Jarácuaro,3.36905,04/01/2014 12:00:00 AM,11/20/2017 03:17:00 PM,02/15/2018 03:51:00 PM,-101.7023,19.5805
BusinessWorld Online,http://www.bworldonline.com/content.php?section=Nation&title=-death-toll-from-rains-rises-nationwide-floods-displace-hundreds-in-leyte&id=46961,4205,02/16/2012 12:00:00 AM,,"Mahaplag, Leyte","Thursday’s landslides were noted in Barangays Burubudan, Tadoc and Paguite in Abuyog; Barangays Pulahongon, Mahaplag, Leyte; and Barangay Kahupian, Sogod, Southern Leyte.","Mahaplag, Leyte",25km,landslide,downpour,medium,unknown,0,,,,,glc,4205,Philippines,PH,Eastern Visayas,0,Mahaplag,0.71608,04/01/2014 12:00:00 AM,11/20/2017 03:17:00 PM,02/15/2018 03:51:00 PM,124.9705,10.6073
kirotv,http://www.kirotv.com/weather/21638186/detail.html,1306,11/17/2009 12:00:00 AM,,"White Rock, B.C. ",,"White Rock, B.C. ",5km,mudslide,downpour,small,unknown,0,,,,,glc,1306,Canada,CA,British Columbia,66450,White Rock,0.74953,04/01/2014 12:00:00 AM,11/20/2017 03:17:00 PM,02/15/2018 03:51:00 PM,-122.8001,49.0229
china,http://www.china.org.cn/environment/2011-07/22/content_23044018.htm,3836,07/22/2011 12:00:00 AM,,Nayarit,"The Mexican authorities remained on high alert Thursday as torrential rains and sea waves over 4 meters high slammed the coastline in five states on the Pacific, causing widespread flooding and landslides.  Dora continued to be ""an extremely dangerous"" Category 4 hurricane with sustained winds reaching as much as 250 kilometers per hour and with the highest gusts measured at 305 kilometers per hour, the Miami-based U.S. National Hurricane Center (NHC) said.  The rains and winds from Dora, which was moving along Mexico's Pacific coast, were reported to cause flooding, landslides and falling trees in the Southern States of Chiapas and Gurrero and central states of Michoacan, Nayarit and Colima, an official at Mexico's National Metrological Center said.  There were no immediate reports of casualties, but emergency personal were on full alert as Dora is expected to continue to move along the coast for several more days, dumping rain on vulnerable mountain communities where soils easily s",Nayarit,unknown,landslide,tropical_cyclone,medium,unknown,0,,Hurricane Dora,,,glc,3836,Mexico,MX,Nayarit,6361,Puga,19.41353,04/01/2014 12:00:00 AM,11/20/2017 03:17:00 PM,02/15/2018 03:51:00 PM,-104.8334,21.7595
postindependent,http://www.postindependent.com/article/20110808/VALLEYNEWS/110809897/1083&ParentProfile=1074,3865,07/30/2011 12:00:00 AM,,"Catherine Store Road, Garfield County, CO","Several Garfield County roads were so badly damaged during recent torrential rains and floods, the county is having to sidestep its own rules to get them fixed quickly.  County Roads 320 (the Rifle-Rulison Road), 115 (Red Canyon Road) and 100 (Catherine Store Road) in Missouri Heights were closed in late July as a result of mudslides and rockfalls along certain stretches.  Public Works Director Betsy Suerth got permission on Monday from the Garfield Board of County Commissioners (BOCC) to spent an estimated $2 million to fix the roads, and to do so in an “expedited manner” to get the roads open to the public as quickly as possible.  “I believe that the damages have caused unsafe conditions and pose a threat to the safety of the public,” Suerth told the BOCC.  County attorney Andrew Gorgey assured the BOCC that state law does allow for such shortcuts in the case of emergencies.  That means the county's normal procurement system, in particular the advertisement for requests for proposals","Catherine Store Road, Garfield County, CO",10km,mudslide,rain,small,unknown,0,,,,,glc,3865,United States,US,Colorado,3801,El Jebel,4.90954,04/01/2014 12:00:00 AM,11/20/2017 03:17:00 PM,02/15/2018 03:51:00 PM,-107.1291,39.4274
postindependent,http://www.postindependent.com/article/20110808/VALLEYNEWS/110809897/1083&ParentProfile=1074,3866,07/30/2011 12:00:00 AM,,"Red Canyon Road, Garfield County, CO","Several Garfield County roads were so badly damaged during recent torrential rains and floods, the county is having to sidestep its own rules to get them fixed quickly.  County Roads 320 (the Rifle-Rulison Road), 115 (Red Canyon Road) and 100 (Catherine Store Road) in Missouri Heights were closed in late July as a result of mudslides and rockfalls along certain stretches.  Public Works Director Betsy Suerth got permission on Monday from the Garfield Board of County Commissioners (BOCC) to spent an estimated $2 million to fix the roads, and to do so in an “expedited manner” to get the roads open to the public as quickly as possible.  “I believe that the damages have caused unsafe conditions and pose a threat to the safety of the public,” Suerth told the BOCC.  County attorney Andrew Gorgey assured the BOCC that state law does allow for such shortcuts in the case of emergencies.  That means the county's normal procurement system, in particular the advertisement for requests for proposals","Red Canyon Road, Garfield County, CO",10km,mudslide,rain,small,unknown,0,,,,,glc,3866,United States,US,Colorado,9614,Glenwood Springs,10.57117,04/01/2014 12:00:00 AM,11/20/2017 03:17:00 PM,02/15/2018 03:51:00 PM,-107.2225,39.4977
China.org.cn,http://china.org.cn/world/2011-09/17/content_23438052.htm,3978,09/17/2011 09:00:00 AM,,"Ruinibang of Sulichowr VDC,Rolpa","At least seven people were killed and over a dozen injured when their houses were hit by landslides triggered by torrential rainfall in Ruinibang bazaar in Rolpa district in the wee hours of Saturday morning.Six houses, some of them lodges, were buried by the landslides.According to police, at least 18 persons who were trapped in their houses following the collapse were rescued alive. The security personnel have been digging to reach the remaining dead bodies.","Ruinibang of Sulichowr VDC,Rolpa",5km,landslide,downpour,medium,unknown,7,,,,,glc,3978,Nepal,NP,,5427,Besisahar,28.60568,04/01/2014 12:00:00 AM,11/20/2017 03:17:00 PM,02/15/2018 03:51:00 PM,82.6474,28.3875
Nagaland Post,http://www.nagalandpost.com/ChannelNews/State/StateNews.aspx?news=TkVXUzEwMDEwMjA2OQ%3D%3D,9965,09/05/2016 06:04:00 PM,,Landslide in Nagaland,"In Mokokchung, a massive landslide near Unger village along NH-2 has paralyzed all vehicular movement. When contacted, Deputy Commissioner (DC) Mokokchung, Sushil Kumar Patel told Nagaland Post that the district administration had already instructed the concerned officers from the National Highway Division to take up restoration work at the earliest.","Mokochung, Nagaland, India",1km,landslide,rain,large,,0,0,,,,,,,,,,,,07/03/2017 06:04:00 PM,11/20/2017 03:17:00 PM,02/15/2018 03:51:00 PM,94.514651,26.324724
Republic the Philippines Mines & Geosciences Bureau,http://r7.mgb.gov.ph/16-february-2012/,4195,02/14/2012 12:00:00 AM,,"Barangays Busay, Cebu City","CEBU CITY, February 15 (PIA) --- The Mines and Geosciences Bureau (MGB)-7 reiterated its findings that portions of Barangays Busay, Binaliw, and Pulangbato in Cebu City are highly susceptible to landslides following the downpour of intense rains in Cebu. In an official report from the Regional Disaster Risk Reduction and Management Council (RDRRMC), the three mentioned barangays experienced minor landslides yesterday after the heavy downpour of rains. The barangays are located northwest of Cebu City and have steep terrains that are prone to the occurrence of landslides.","Barangays Busay, Cebu City",10km,landslide,downpour,medium,unknown,0,,,,,glc,4195,Philippines,PH,Central Visayas,798634,Cebu City,5.89364,04/01/2014 12:00:00 AM,11/20/2017 03:17:00 PM,02/15/2018 03:51:00 PM,123.89,10.37
Republic the Philippines Mines & Geosciences Bureau,http://r7.mgb.gov.ph/16-february-2012/,4196,02/14/2012 12:00:00 AM,,"Binaliw, Cebu City","CEBU CITY, February 15 (PIA) --- The Mines and Geosciences Bureau (MGB)-7 reiterated its findings that portions of Barangays Busay, Binaliw, and Pulangbato in Cebu City are highly susceptible to landslides following the downpour of intense rains in Cebu. In an official report from the Regional Disaster Risk Reduction and Management Council (RDRRMC), the three mentioned barangays experienced minor landslides yesterday after the heavy downpour of rains. The barangays are located northwest of Cebu City and have steep terrains that are prone to the occurrence of landslides.","Binaliw, Cebu City",10km,landslide,downpour,medium,unknown,0,,,,,glc,4196,Philippines,PH,Central Visayas,48638,Consolacion,7.06201,04/01/2014 12:00:00 AM,11/20/2017 03:17:00 PM,02/15/2018 03:51:00 PM,123.91,10.42
