ID,YEAR,MONTH,DAY,HOUR,MINUTE,LATITUDE,LONGITUDE,LOCATION_NAME,COUNTRY,REGION,CAUSE,EVENT_VALIDITY,EQ_MAGNITUDE,EQ_DEPTH,TS_INTENSITY,DAMAGE_TOTAL_DESCRIPTION,HOUSES_TOTAL_DESCRIPTION,DEATHS_TOTAL_DESCRIPTION,URL,COMMENTS
12,-330,,,,,40.0,25.0,"E. SPORADES ISLANDS, AEGEAN ISLANDS",GREECE,Mediterranean Sea,Earthquake,Very Doubtful Tsunami,7.0,,,,,,https://www.ngdc.noaa.gov/hazel/view/hazards/tsunami/event-more-info/12,"330 B.C. Aegean Sea, Sporades Islands, 40 N 25 E, earthquake intensity XI, magnitude 7.0. It is said that the Chrysi Island together with the volcano of Moschylos disappeared as a result of an underground shock near the western shore of Limnos Island. Such a shock must have generated a strong tsunami. (reference 2130).
<P>About 330, B.C. Eastern Sporades (Lemnos), 40 N, 25 E.
It is rumoured, that Chryse Island and the volcano Moschylos near the island of Lemnos were sunk by a shock. If it is true, a huge tsunami should have been generated. (reference #109)
<P>330 B.C. Eastern Sporades Islands. Island of Chryse. Sieberg (1932a) p. 221 alludes to a seismic sea-wave to have accompanied the sinking of Chryse c. 330. No such event is mentioned by chroniclers of the time. Moreover, Chryse was afloat in 72 B.C. (reference #15)
<P>330 B.C. Eastern Sporades Islands, 40 N 25 E. Island
of Chryse. Earthquake intensity XI. (reference #20)
<P>330 B.C. North Aegean Sea, 40 deg 06 min N 25 deg 12 min E, earthquake intensity XI. Sea disturbance in Chrysi Islet. (reference #2427)
<P>330 B.C. Eastern Sporades, 40.0 N, 25.0 E, earthquake magnitude 7.0. (reference #330)"
481,1764,2.0,11.0,,,51.45,-2.583,"BRISTOL, ENGLAND",UK,Northeast Atlantic Ocean,Unknown,Very Doubtful Tsunami,,,,,,,https://www.ngdc.noaa.gov/hazel/view/hazards/tsunami/event-more-info/481,"Reference #1894, in full: ""On Saturday the 11th instant, when the tide had hardly begun to flow, according to its regular course, it was observed, by the water-bailif of the city, and by several others, both on the back, and at the key, to rise very suddently to almost high-water mark; and it so continued for near half an hour: then it sunk, almost instantaneously, three feet perpendicular: after that, it began to flow in again, and kept flowing on till one of the clock, and rose to the height it was expected to do.""
<P>""At Rownham Passage, a mile below the city, the ferry-men observed the tide to ebb almost instantaneously, and to sink at least four feet perpendicular. Then it flowed in again, as it should have regularly done.""
<P>""At King-Road, which is about three miles below the city, the officers observed the king's boat to float suddenly, which they attributed to a great fresh coming. But they found afterwards the boat resently aground.""
<P>""I could get no itelligence of anything observable, that happened in the river Severn, excepting that at Gloucester, and at Worcester, the inundation sunk very fast on that day. But most undoubtedly the strong rapid tide of the Severn must have been affected in a very remarkable manner, had there been any curious persons to take notice of it."""
71,859,,,,,36.08,36.25,SAMANDAGI,TURKEY,Mediterranean Sea,Earthquake,Questionable Tsunami,,,3.0,,,,https://www.ngdc.noaa.gov/hazel/view/hazards/tsunami/event-more-info/71,"859 (possibly 861), November. Levantian Sea, Near East. A strong earthquake occurred on the coast from Antiochia to Akko. Large rockfalls and landslides. In the region of
Samandagi (some references give Akko), the sea receded and then flooded the coast. (reference #2130)
<P>859, November. Syrian coasts, near Samandag (iii). (reference #15, #20
<P>859, November. Syrian Coasts near Samandag (iii). 
During one of the earthquakes of 245 AH, most probably in
the month of Shaban (1 to 30 November 859 AD), a strong earthquake shook the Syrian coasts from Antiochia to Akka. As-Soyuti says that this earthquake shattered a mountain near Antiochia which fell into the sea together with 1005 houses and 90 villages. El-Macin, Abul-Faragi and Tabar add that the mountain was called Acraus or Rock and that it was closer to Akka rather than to Antiochia. All writers agree that when the mountain collapsed into the sea, the water retired and then returning surged he shores. (reference #24)"
186,1580,1.0,,,,40.0,128.0,YELLOW SEA,NORTH KOREA,"China, North and South Korea, Philippines, Taiwan",Unknown,Very Doubtful Tsunami,,,1.0,,,,https://www.ngdc.noaa.gov/hazel/view/hazards/tsunami/event-more-info/186,"<P><blockquote><i>Reference #414:</i></blockquote> 
<P>1580, January. Validity 1. There was a tsunami in Korea in the province of Kogen. No details are available. No earthquake was noted. May be a distant tsunami or storm surge.
<P><blockquote><i>Reference #79:</i></blockquote> 
<P>1580, January. Korea, Kogendo (E. coast). No details. No quake noted. Distant tsunami or storm surge."
5,-1300,,,,,39.96,26.24,"IONIAN COASTS, TROAD",TURKEY,Mediterranean Sea,Unknown,Questionable Tsunami,6.0,,5.0,,,,https://www.ngdc.noaa.gov/hazel/view/hazards/tsunami/event-more-info/5,"1300 B.C. Ionian and Aegean Seas. References to tsunami along the shore of the Ionian Sea and in Asia Minor. Troy, tsunami intensity V. Event validity 2. (reference #2130)
<P>1300 B.C. Ionian coasts and towns in Asia Minor, Troad,  tsunami intensity v. (references #14, #15, #20)
<P>1300 B.C. Western Turkey, Troy (magnitude =6?), unknown causes. (reference #330)"
22,-47,9.0,,,,37.5,119.5,"LAIZHOU BAY, BOHAI SEA",CHINA,"China, North and South Korea, Philippines, Taiwan",Unknown,Very Doubtful Tsunami,,,,,,,https://www.ngdc.noaa.gov/hazel/view/hazards/tsunami/event-more-info/22,"47 B.C. September. Laizhou Bay, Bohai Sea,  low event validity. 1.5 m water height (estimated), 100 people killed, 330 houses damaged, 35 boats damaged--estimated based on water height. (reference #93)"
174,1556,10.0,21.0,,,37.0,126.0,YELLOW SEA,SOUTH KOREA,"China, North and South Korea, Philippines, Taiwan",Unknown,Very Doubtful Tsunami,,,0.5,,,,https://www.ngdc.noaa.gov/hazel/view/hazards/tsunami/event-more-info/174,"<P><blockquote><i>Reference #414:</i></blockquote> 
<P>1556, October 21?, validity 2. In Korea, waves were observed on the coast of the Yellow Sea in the provinces of Kyonggi and Ch'ungch'ong, in the regions of Ansa and Isan. There are no detailed data; there was no earthquake. According to Imamura, these were storm waves. <P><blockquote><i>Reference #150:</i></blockquote> 
<P>1556, October 21, validity 1. Seikidon, Isan, Anson and Keikido (W. Coast), Korea tsunami. Probably storm surge. 
<P><blockquote><i>Reference #79:</i></blockquote> 
<P>1556, October 21. Source area Japan Sea or Yellow sea, tsunami observation Seikidon, Isan, Anson, and Keikido, Korea (west coast)."
255,1641,12.0,21.0,,,38.4,-28.1,AZORES,PORTUGAL,Northeast Atlantic Ocean,Earthquake,Very Doubtful Tsunami,,,,,,,https://www.ngdc.noaa.gov/hazel/view/hazards/tsunami/event-more-info/255,
427,1747,3.0,,,,33.1,139.8,"IZU PENINSULA, HACHIJO ISLAND",JAPAN,Japan,Unknown,Questionable Tsunami,,,0.5,Limited (<$1 million),,,https://www.ngdc.noaa.gov/hazel/view/hazards/tsunami/event-more-info/427,"<P><blockquote><i>Reference #414:</i></blockquote> 
<P>1747, March?. There were waves on the coast of the Izu Peninsula and Hachijo Island. Fishing boats were sunk or washed away on the coast of the Ogago region (Hachijo Island). No earthquake is reported. This was a tsunami from a remote source or of storm origin. 
<P><blockquote><i>Reference #150:</i></blockquote> 
<P>1747. Hachijo island, validity 2, magnitude 1. Fishing boats washed away at Ogago [Hachijo Island]. No earthquake description. 
<P><blockquote><i>Reference #79:</i></blockquote> 
<P>1747, March. Tsunami magnitude 0. Unknown source. Japan, Izu Island, Hachijo."
219,1606,1.0,23.0,,,31.9,140.0,CHICHIJIMA-TOKAIDO,JAPAN,Japan,Volcano,Definite Tsunami,,,,,,,https://www.ngdc.noaa.gov/hazel/view/hazards/tsunami/event-more-info/219,"<P><blockquote><i>Reference #414:</i></blockquote> 
<P>1606, January 23. Validity 2. 33.1 N, 139.8 E. There was a volcanic eruption on Hachijo Island, accompanied by tidal waves. 
<P><blockquote><i>Reference #150:</i></blockquote> 
<P>1606, January 23. 32 N, 140 E,  magnitude 6.7. Validity 4, magnitude 0. Submarine volcanic eruption. Small tsunami."
480,1763,9.0,18.0,,,50.6,-2.4659999999999997,"WEYMOUTH, ENGLAND",UK,Northeast Atlantic Ocean,Unknown,Very Doubtful Tsunami,,,,,,,https://www.ngdc.noaa.gov/hazel/view/hazards/tsunami/event-more-info/480,"On Sept 18, 1763, in Weymouth, England, the sea rose 10 feet and fell back as suddenly. No shock mentioned. (reference #43)"
368,1704,,,,,33.6,136.0,"TAIJI, KII",JAPAN,Japan,Unknown,Questionable Tsunami,,,1.0,Limited (<$1 million),Few (~1 to 50 houses),,https://www.ngdc.noaa.gov/hazel/view/hazards/tsunami/event-more-info/368,"There was a tsunami on the south of Kii Peninsula, in the vicinity of Nachikatsu'ura. Thirty homes were washed away at Miwasaki and Taiji. However, nowhere is an earthquake mentioned. It was perhaps a tsunami of remote origin. (Reference #414)"
470,1761,8.0,14.0,,,49.465,-2.585,"GUERNSEY, ENGLISH CHANNEL",UK,Northeast Atlantic Ocean,Earthquake,Very Doubtful Tsunami,,,,,,,https://www.ngdc.noaa.gov/hazel/view/hazards/tsunami/event-more-info/470,"Reference #1881: ""1761, Aug. 14.--An earthquake was felt in Guernsey accompanied by a hollow rumbling noise. A violent swell of the sea set in from the west, the wind being east at the time."""
472,1762,5.0,26.0,,,60.383,5.332999999999999,NORWAY: BERGEN,NORWAY,Northeast Atlantic Ocean,Unknown,Very Doubtful Tsunami,,,,,,,https://www.ngdc.noaa.gov/hazel/view/hazards/tsunami/event-more-info/472,"Reference #1879: ""At Bergen in Norway, on the 26th of May, the sea ebbed and flowed with preternatural violence. No earthquake mentioned."""
277,1653,,,,,38.4,-27.1,AZORES,PORTUGAL,Northeast Atlantic Ocean,Unknown,Very Doubtful Tsunami,,,,,,,https://www.ngdc.noaa.gov/hazel/view/hazards/tsunami/event-more-info/277,
302,1668,11.0,23.0,,,38.5,-28.1,AZORES,PORTUGAL,Northeast Atlantic Ocean,Unknown,Very Doubtful Tsunami,,,,,,,https://www.ngdc.noaa.gov/hazel/view/hazards/tsunami/event-more-info/302,
403,1732,,,,,33.1,139.767,"HACHIJO ISLAND, JAPAN",JAPAN,Japan,Unknown,Very Doubtful Tsunami,,,,,,,https://www.ngdc.noaa.gov/hazel/view/hazards/tsunami/event-more-info/403,"Latitude and longitude are approximate.
<P>In the summer of 1732 a tsunami damaged a wheat field in Hachijo island. (reference #150)
<P>1732. There was a flood on the coast of the Izu Peninsula and Hachijo Island. There are no details available. These were probably waves of storm origin (Reference #414)."
97,1099,11.0,11.0,,,50.11600000000001,-5.483,"WEST CORNWALL, ENGLAND",UK,Northeast Atlantic Ocean,Unknown,Very Doubtful Tsunami,,,,,,,https://www.ngdc.noaa.gov/hazel/view/hazards/tsunami/event-more-info/97,"Berninghausen (Reference #43) states: ""St. Michael's Mount -- The sea overflowed the shore, destroying towns and drowning many persons and innumerable oxen and sheep."" Accounts are vague."
81,975,10.0,26.0,,,41.04,28.98,"MARMARA SEA, STRAIT OF BOSPORUS",TURKEY,Mediterranean Sea,Unknown,Questionable Tsunami,,,3.0,,,,https://www.ngdc.noaa.gov/hazel/view/hazards/tsunami/event-more-info/81,
130,1407,8.0,23.0,,,38.0,125.7,"HAEJU COAST, YELLOW SEA",NORTH KOREA,"China, North and South Korea, Philippines, Taiwan",Unknown,Very Doubtful Tsunami,,,0.0,,,,https://www.ngdc.noaa.gov/hazel/view/hazards/tsunami/event-more-info/130,"<P><blockquote><i>Reference #150:</i></blockquote> 
<P>1407, August 23, validity 0. No quake described. Probably a storm surge. 
<P><blockquote><i>Reference #414:</i></blockquote> 
<P>1407, August 23, validity 2. There was a tsunami on the coast of Haeju, Korea. There are no details. No earthquake is mentioned. These were probably waves of storm origin."
347,1693,2.0,13.0,,,64.0,-19.683,MOUNT HEKLA,ICELAND,Northeast Atlantic Ocean,Volcano,Very Doubtful Tsunami,,,,,,,https://www.ngdc.noaa.gov/hazel/view/hazards/tsunami/event-more-info/347,"Earthquake accompanied an eruption of Mount Hekla. A small wave was noted along the adjacent coast. Berninghausen (Reference #2822) adds to this: ""1693 February 13 to August, Eruption from 4 craters. Ejected large blocks. Ashes fell in Norway and Scotland, currents carried pumice to the Faeroes. An earthquake and tsunami accompanied the eruption."""
457,1755,11.0,5.0,,,54.68,-1.21,"RIVER TEES, ENGLAND",UK,Northeast Atlantic Ocean,Unknown,Very Doubtful Tsunami,,,,,,,https://www.ngdc.noaa.gov/hazel/view/hazards/tsunami/event-more-info/457,"Berninghausen (Reference #43) cites Mallet and Mallet (#1879): ""At 11 p.m. of this day the sea rose a yard higher than had ever been known before at Saltholme near Hartlepool in Durham, and caused some mischief. No shock is mentioned as having been felt."" This is the region near the mouth of the River Tees."
375,1706,5.0,5.0,,,28.271,-16.641,"TENERIFE, CANARY ISLANDS",SPAIN,Northeast Atlantic Ocean,Volcano,Probable Tsunami,,,,Severe (~>$5 to $24 million),,,https://www.ngdc.noaa.gov/hazel/view/hazards/tsunami/event-more-info/375,"1706, May 5. Tsunami reliability 3. Explosive eruption from the volcanic crater El Pico in Tenerife, Canary Island. The eruption lasts 9 days from 5 to 14 May (Simkin reference #411). The event begins at night. At this time the sea is seen to retreat. At the following morning, a violent eruption occurred, destroying the village of Garachico by soil fissure and lava flows. The sea submerges the ruins of the harbour and the village (Zurcher, reference #10911), who places the event in year 1704. (reference #4139)
<P>1706, May 6. Canary Islands. Waves which accompanied the volcanic eruption that overwhelmed the city of Garachico (28<sup>o</sup>22'N., 16<sup>o</sup>44'N.) Isla de Tenerife (28<sup>o</sup>19'N., 16<sup>o</sup>34'W.) added to the devastation. (reference #41)"
331,1681,6.0,26.0,,,37.5,129.5,SEA OF JAPAN,SOUTH KOREA,"China, North and South Korea, Philippines, Taiwan",Landslide,Very Doubtful Tsunami,,,,,,,https://www.ngdc.noaa.gov/hazel/view/hazards/tsunami/event-more-info/331,"1681, June 26. Some damage in Central Korea. Landslide, but no
quake report. E. Coast of Kogendo tsunami? (reference #150)
<P>1681, June 26. Source: Central Korea. Observation:  vicinity of Yanyan. Musya summary (1951) suggests possible tsunami. Probably confused with 1681, June 12. (reference #79)
<P>References #1045 and #1213 list earthquake on 1681, June 26. 
<P>1681, June 12 and 1681, June 26 are probably the same event."
269,1650,9.0,29.0,,,36.404,25.396,THERA ISLAND (SANTORINI),GREECE,Mediterranean Sea,Volcano and Landslide,Definite Tsunami,6.3,,6.0,,,Many (~101 to 1000 people),https://www.ngdc.noaa.gov/hazel/view/hazards/tsunami/event-more-info/269,"""At the end of 1650 a submarine outbreak occurred in the Aegean Archipelagos. At a point about 4 miles to the northeast of the Island of Thera (Santorini) a volcanic eruption gave rise to a shoal, as a result of which huge waves broke upon the shores of many islands in the Aegean. ""The eruption lasted 3 months and it was preceded and followed by severe earthquakes.
<P>On September 14, prior to the eruption and appearance of the shoal, strong earthquakes shook the island of Thera which intermittently continued until the day of the paroxysm on the 29th of the same month at which the shoal emerged. From contemporary accounts we learn that during the period between 14th and 29th of September the sea around the island was much agitated. Big waves were rushing inland from time to time while great rock slices fell into the sea. On the 29th of September, when the shaol made its appearance, a huge wave devastated the island, in many places where the shores were flat invaded the coast for two miles. On the west coast of the island of Patmos the wave reached heights over 100 feet while on the east coast the sea rose to 90 feet. On the island of Ios the height of the wave was 60 feet and on the island of Sikinos the sea advanced over 300 yards inland. On the island of Kea sailing ships were carried into the interior and many vessels were cast on the shores of Crete."" (above from Reference #27)<P><center><table>
<tr><td><br><b><center><h2>Different Reports of Tsunami Source Data</h2></b><hr>
<Table cellpadding=""4"" cellspacing=""2""><tr><td><b>Date</b></td><td><b>Location</b></td><td>
<B>Latitude</B></td><td><B>Longitude</b></td><td><B>Reference</B></td></tr>
<tr><td>September 29, 1650<td>Santorini (Thera)</td><td></td><td></td><td>14</td></tr>
<tr><td>October 9, 1650<td>Santorini (Thera)</td><td></td><td></td><td>15</td></tr>
</td></tr>
<tr><td>October 9, 1650<td>Santorini (Thera)</td><td>36.5N</td><td>25.5E</td><td>20</td></tr>

<tr><td>September 29, 1650<td>Santorini (Thera)</td><td>36.5N</td><td>25.5E</td><td>27</td></tr>
<tr><td>September 29, 1650<td>Santorini (Thera)</td><td>36.5N</td><td>25.5E</td><td>109</td></tr>
<tr><td>September 29, 1650<td>6.5 km NE of NE<br>coast of Santorini</td><td></td><td></td><td>330</td></tr>
<tr><td>September 29, 1650<td>Santorini (Thera)</td><td>36.4N</td><td>25.4E</td><td>333</td></tr>
<tr><td>1650<td>Santorini (Thera)</td><td>36.4N</td><td>25.4E</td><td>416</td></tr>
</td></tr>
<tr><td>October 10, 1650<td>South Aegean Sea</td><td>36.5N</td><td>25.5E</td><td>2427</td></tr>
</table></table></center>

A strong underground volcanic eruption occurred 4km north-east of Thira Island (volcano of Santorini), as a result of which the sand-bank of Kolumbos was originated. It was preceded and accompanied by strong underground shocks, which caused the collapse of over 200 houses (reference #2130)."
62,792,4.0,30.0,,,45.5,11.0,GULF OF VENICE,ITALY,Mediterranean Sea,Earthquake,Very Doubtful Tsunami,,,3.0,,,,https://www.ngdc.noaa.gov/hazel/view/hazards/tsunami/event-more-info/62,"792 (possibly 793), April 30. Adriatic Sea, Gulf of Venice. A strong earthquake enveloped the gulf and the north-eastern shore of the Adriatic Sea - in Istria and Dalmatia. From other data, a huge sea wave following a disastrous earthquake in the regions of Friuli and Istria, came upon the coast and devastated it; the shore of the Gulf of Venice was flooded.
<P>During the earthquake, the sky in the direction from Dalmatia to Istria assumed a bright flame - like red color, long flame - colored stripes appeared. The sea overflowed its shores, with the result that buildings were destroyed and lives were lost.
<P>In the catalogue by Caputo and Faita [1984] a supposition was made that the tsunami was caused by the April 30,793 (or 792) earthquake with its epicentre
at 45.5N, llE, i.e. located near Verona, and with a maximum intensity I=IX. In the papers by Radics [1902] and Guidoboni and Tinti [1989] it is demonstrated that this earthquake is extremely questionable and, apparently, it
was introduced into the literature by one of the medieval chroniclers in 1596 to explain why the city walls collapsed in Verona. In the paper, a proposal was made that the tsunami was possibly caused by the February, 792 earthquake
with a maximum intensity I = VIII, mentioned in the catalogue of Slovenian earthquakes [Ribaric, 1982]; however these data are also not very reliable [Von Valvasor, 1689; Radics, 1902; Ambraseys, 1962; Ann. Bibl., 1964, Nos. 1284,
1679; Caputo and Faita, 1984].
<P>(above from reference #2130)."
319,1676,,,,,38.733000000000004,-27.066,AZORES,PORTUGAL,Northeast Atlantic Ocean,Earthquake,Very Doubtful Tsunami,,,1.0,,,,https://www.ngdc.noaa.gov/hazel/view/hazards/tsunami/event-more-info/319,"Berninghausen (Reference #41) states: ""A tsunami destroyed a convent of nuns at Praia da Vitoria, Ilha Terceira. The site of this convent is now below the waters of the Baia Praia, as a result of the progressive settling of this part of the coast."" No specific month/day is given."
370,1704,1.0,,,,34.8,138.6,SURUGA,JAPAN,Japan,Unknown,Questionable Tsunami,,,,,,,https://www.ngdc.noaa.gov/hazel/view/hazards/tsunami/event-more-info/370,"There was a rough sea on the coast of Suruga Bay, Shizouka Prefecture. No details are available. There were also no reports about an earthquake. That the waves were of storm origin is unlikely, despite the fact that there are many floods in this season. The source of information is also unknown. It is possible that it has been confused with another event. (reference #414)"
159,1519,9.0,24.0,,,36.3,126.0,"CHUNGCHONG PROVINCE, YELLOW SEA",SOUTH KOREA,"China, North and South Korea, Philippines, Taiwan",Unknown,Very Doubtful Tsunami,,,0.0,,,,https://www.ngdc.noaa.gov/hazel/view/hazards/tsunami/event-more-info/159,"<P><blockquote><i>Reference #414:</i></blockquote> 
<P>1519, September 24, validity 2. In Korea, waves were observed on the coast of Ch'ungch'ong Province (north of Kunsan). There are no details available. No earthquake was registered. These were probably waves of storm origin. <P><blockquote><i>Reference #79:</i></blockquote> 
<P>1519, September 24, validity 0. Yellow Sea. Chuseido coast, Korea, tsunami. Probably storm surge. (reference #150)
<P>1519, September 24. Chuseido coast, north of Kursan. No details. No quake noted. Probably a storm surge."
135,1434,8.0,6.0,,,37.5,126.0,"INCHON, CHEMULPO BAY, YELLOW SEA",SOUTH KOREA,"China, North and South Korea, Philippines, Taiwan",Unknown,Very Doubtful Tsunami,,,0.5,Limited (<$1 million),,,https://www.ngdc.noaa.gov/hazel/view/hazards/tsunami/event-more-info/135,"<P><blockquote><i>Reference #414:</i></blockquote> 
<P>1434, August 6, validity 2. In Korea, there were waves in the region of Inch'on (Chemulpo). Rice fields were ruined. There was no earthquake. According to Imamura, these were storm waves. 
<P><blockquote><i>Reference #150:</i></blockquote> 
<P>1434, August 6, validity 0. Damage to rice fields. No quake. storm surge."
224,1609,1.0,19.0,,,51.5,0.466,ENGLAND,UK,Northeast Atlantic Ocean,Unknown,Very Doubtful Tsunami,,,,,,,https://www.ngdc.noaa.gov/hazel/view/hazards/tsunami/event-more-info/224,"Berninghausen (Reference #43) cites Mallet and Mallet (Reference #1879): ""In the Thames. No shock mentioned. An extraordinary flux and reflux of the tide within the hour."""
176,1562,7.0,25.0,,,32.5,130.6,W. KYUSHU ISLAND,JAPAN,Japan,Unknown,Very Doubtful Tsunami,,,,,,,https://www.ngdc.noaa.gov/hazel/view/hazards/tsunami/event-more-info/176,"July 26, (June 15, July 25) 1562. Japan, W. Kyushu, Yatsuhiro, Higo. No record of earthquake. Possibly tsunami of distant origin but more likely a storm surge. June date given by Iida is Japanese calendar date. Muaya (1941), Imamura, Honda and Heck use July 25 date. However, Muaya gives probably corrected date of July 26 in his summary table (1951). (reference #79)
<P>July 25, 1562. Japan, coasts of Yatsuhiro and Higo. Three waves. (reference #132)
<P>July 25, 1562. Sea waves on the coast of Yatsushiro, Higo; three waves counted; no recorded earthquake. (reference #1897)
<P>1562, July 26 (or 25). There was a tsunami from a remote source or waves of storm origin at Yatsushiro, Kumamoto Prefecture (Higo) on the west of Kyushu Island (Reference #414)."
473,1762,9.0,27.0,,,51.5,0.1,"THE THAMES, ENGLAND",UK,Northeast Atlantic Ocean,Unknown,Very Doubtful Tsunami,,,,,,,https://www.ngdc.noaa.gov/hazel/view/hazards/tsunami/event-more-info/473,"Reference #1879: ""On the 27th of September the Thames rose suddenly in the midst of a dead calm, and dashed the ships violently against one another."" Reference #43 states that no shock was mentioned."
21,46,,,,,36.404,25.396,THERA ISLAND (SANTORINI),GREECE,Mediterranean Sea,Volcano,Definite Tsunami,6.2,,3.0,,,,https://www.ngdc.noaa.gov/hazel/view/hazards/tsunami/event-more-info/21,"46 AD July 6. Thera. At the same time as an eclipse of the Moon, probably following a subdued eruption, an islet, which became known as Theia, rose up from the sea between Thera and Therasia in the Cyclades.
<P>This event is well documented by contemporary authors, including Seneca, who confirms that it happened in his own time and during the consulship of Valerius Asiaticus (AD 46). Dio Cassius dates it Roman year 800 (AD 47), while St Jerome gives the fifth year of Olympiad CCVI (AD 45), and notes the length of the island as 30 stadia (5.5 km). Orosius (writing early in the fifth century AD) dates it to the fifth year of Claudius (AD 45-46).
<P>Since Aurelis Victor mentions that it happened on the same night as a lunar eclipse, there is a chance of dating the eruption accurately. Schove and Fletcher (1987, 9-11) derive several dates, noting that the most popular is 31 December AD 46, because this would embrace both Seneca's date of AD 46 and Dio's of AD 47. However, he thinks that 6 July AD 46 is more probable because the eclipse would have been distinctly noticeable by about 8.53 pm, and consequently more likely to be recorded.
<P>One must beware of confusing this eruption with that of Hiera in 199-198 BC, since the two occurrences were very similar in nature. Pliny mentions both, but the dates in the relevant passage are notoriously unreliable. Pliny's date, 8 July of the 110th year after the fourth year of Olympiad CXLV, works out as AD 3. This is due in part to a scribal error in an early copy of Pliny's works, when many events were assigned to Olympiad CXXXV.
<P>Modern cataloguers associated this eruption with the Crete earthquake of 62-64, dating it 53/52/66. Guidoboni (1989, 661-662), Guidoboni et al. (1994, 193-194) associate this eruption at Thera with the Crete earthquake of 62-64, dating it 53/52/66 for which I have no evidence.
<P>(above from reference #9116)
<P>46 A.D. Crete. Sea withdrawal in Crete. (reference #4139)
<P>Philostratus Flavius refers that on July 6 (46) at about 12 am a violent earthquake shook Crete and the sea receded for about 1.3 km from the shoreline. (reference #9158)
<P>46 A.D. South coasts of Crete. (reference #15)
<P>46 A.D. South coasts of Crete. Earthquake 36 deg 1/4 min N, 25 deg 1/4 min E, intensity VII. (reference #20)
<P>46 A.D. Cyclades (Santorin), 36 1/2 deg N, 25 1/2 deg E. An earthquake, which triggered an explosion of Santorini,
was felt on Crete; the shock was followed by a tsunami preceded by a withdrawal of the water of about 100 m. (reference #109)
<P>46 A.D. Northern Crete. Earthquake 36.4N, 25.4E, magnitude 6.2. Eruption of Santorini volcano. (reference #330)
<P>46 A.D. South Aegean Sea. Earthquake 36 deg 24 min N, 25 deg 24 min E. Sea withdrawal. (reference #2427)
<P>62 A.D. (possibly 46 or 66). Aegean Sea, Island of Thira. The eruption of the volcano of Santorini was accompanied by an earthquake felt strongly on the Island of Crete. Considerable destruction in Knossos. The sea in Lebena on the southern coast of the Island of Crete retreated approximately 100 m from the waterline. 
Earthquake 36.5N 25E, magnitude 6.7, intensity VII, tsunami intensity iv, event validity 2. (reference #2130)"
495,1767,11.0,28.0,,,51.5,-0.08,"LONDON, ENGLAND",UK,Northeast Atlantic Ocean,Unknown,Very Doubtful Tsunami,,,,,,,https://www.ngdc.noaa.gov/hazel/view/hazards/tsunami/event-more-info/495,"Reference #1879: ""On the 28th November at 5 a.m., the tide at London ebbed and flowed twice in an hour and a half. No earthquake mentioned."""
460,1756,2.0,27.0,,,51.208,-4.122,"ILFRACOMBE, ENGLAND",UK,Northeast Atlantic Ocean,Unknown,Questionable Tsunami,,,,,,,https://www.ngdc.noaa.gov/hazel/view/hazards/tsunami/event-more-info/460,"Reference #1887 transcript: ""On Friday, the 27th day of February last, at six in the evening, the weather being then extremely fair, as it had been for some time before, and continued for some days afterwards, the sea being exceedingly calm, a rumbling noise was heard, like that, which usually precedes what the sailors call a ground-sea, only it was much louder. The tide, at that time, was above half ebbed, and retired as far as the head of the key, leaving the vessels, within the pier, on dry ground: when on a sudden the sea came on with a great run, filling the quay to the height of six feet perpendicular; and the water remained at the same height near half an hour, but was all the time agitated as in a storm. By this means all the vessels were afloat; some broke loose from their moorings, and on the recess of the waters were likely to be carried out to sea. The consternation, which this occasioned, gave no leisure for accurate observation, nor could anyone inform me of the exact distance from the time of the first swell till the waters rose to the height of six feet, some speaking of four, others of five or six minutes. It is to be observed that the like phaenomenon happened on the 1st of November last, and the waters then rose to the same perpendicular height."""
249,1636,7.0,31.0,,,35.1,129.05,E. CHINA SEA-S.JAPAN,EAST CHINA SEA,"China, North and South Korea, Philippines, Taiwan",Unknown,Very Doubtful Tsunami,,,0.0,,,,https://www.ngdc.noaa.gov/hazel/view/hazards/tsunami/event-more-info/249,"<P><blockquote><i>Reference #414:</i></blockquote> 
<P>1636, July 31, validity 2. There were waves in Korea, at Tongnae (near Pusan). There are no details available. No earthquake was recorded. According to Imamura, these were probably waves of storm origin. 
<P><blockquote><i>Reference #150:</i></blockquote> 
<P>1636, July 31, validity 1. Torai, near Pusan, Korea. No quake cited. Probably storm surge. 
<P><blockquote><i>Reference #79:</i></blockquote> 
<P>1636, July 31. Korea, Torai (near Pusan). No details, No quake noted. Possible storm surge according to Imamura."
405,1732,11.0,,,,39.5,20.0,ISLAND OF KERKYRA (CORFU),GREECE,Mediterranean Sea,Earthquake,Questionable Tsunami,,,2.0,,,,https://www.ngdc.noaa.gov/hazel/view/hazards/tsunami/event-more-info/405,"A rather strong underground shock took place accompanied by an extremely strong rumble from the direction of the fort ( the sea was swelled), destructive rain and by a tsunami (reference #2130)."
398,1726,,,,,10.633,-64.3,PENINSULA DE ARAYA,VENEZUELA,Caribbean Sea,Unknown,Questionable Tsunami,,,,,,,https://www.ngdc.noaa.gov/hazel/view/hazards/tsunami/event-more-info/398,"A large wave partially destroyed a Spanish fort on the Araya Peninsula. At Salina de Araya, the waves destroyed a salt plant by an inundation of the sea. Singer et al. (Reference #410) was not able to associate this with an earthquake event."
46,551,4.0,,,,38.4,22.3,ETOLIA,GREECE,Mediterranean Sea,Earthquake and Landslide,Definite Tsunami,7.1,,4.0,,,,https://www.ngdc.noaa.gov/hazel/view/hazards/tsunami/event-more-info/46,"<P>551, April. Corinthos-Patras Gulf. 38<sup>o</sup>24' N, 22<sup>o</sup>18' E. Earthquake magnitude 7.1, tsunami intensity 4, reliability 4. Strong earthquake affecting Thessaly, the Maliakos Gulf and the Corinthiakos Gulf. The towns of Chaeronaea, Koronaea, Patras, Nauptaktos severely damaged. In the gulf between Thessaly and Boeotia there was a sudden influx of the sea at the city called Echinus and at Scarphe. The sea water advanced far over the land deluging the towns and leveling them immediately. For a long time the mainland was flooded. Then the sea returned to its proper place leaving many fishes on the ground (Procopius, reference #10840). (reference #4139)
<P>551 (possibly 552), spring or July 7. Aegean Sea, eastern Greece, Strait of Euboea (between the Island of
Euboea and the continent. The destructive earthquake embraced both coasts of the Gulf of Corinth. In the pleistoseismal zone, the earth opened and closed again, but part of the deformation of Earth's surface was conserved including an upthrust system along the northern shore of the Gulf of Corinth. Patras, Nafpaktos, Corinth, Chaeronea and other towns were destroyed. There were thousands of victims, including 4,000 people in Patras. (<i>Note: attributed to 7 July 551 event </I>)The same area as during the earthquakes on October 12, 1856, and on August 1, 1860, was shaken. In the apex of the Gulf of Maliacus, the sea suddenly rushed up the dry land and reached far inland destroying buildings in Echinos, Tarfi and in Boeotia. According to other sources the tsunami started with the drop in water level. After the water went away, fish, including rare specimens, were left stranded. The low water lasted so long that citizens had time to reach the islands located in the apex of the bay.(reference #2130)."
32,315,,,,,31.7,35.5,DEAD SEA,DEAD SEA,Mediterranean Sea,Earthquake,Very Doubtful Tsunami,,,3.0,,,,https://www.ngdc.noaa.gov/hazel/view/hazards/tsunami/event-more-info/32,"315. Dead Sea. Tsunami intensity III. (references #15, #20, and #23)
<P>315. I have heard of this Areopolis (when it still existed), but the whole city can vouch for the truth of my assertion, that in the time of my childhood, from the effects of a tremendous earthquake, when the sea broke over the shores of the whole earth, the walls of this town were overthrown in a single night. (reference #10520)"
428,1747,,,,,13.6,123.2,SOUTHEASTERN LUZON ISLAND,PHILIPPINES,"China, North and South Korea, Philippines, Taiwan",Earthquake,Very Doubtful Tsunami,,,,,,,https://www.ngdc.noaa.gov/hazel/view/hazards/tsunami/event-more-info/428,"<P><blockquote><i>Reference #414:</i></blockquote> 
<P>1747. The bishop of Naga (Nueva Caseras), in the southeastern part of Luzon Island, in a letter dated 8.11.1748, reported that the residents here ""experienced every calamity: earthquakes, typhoons, eruptions and floods."" These events presumably occurred in the second half of 1747 (Repetti, 1946). 
<P><blockquote><i>Reference #3029:</i></blockquote> 
<P>1747. Southeastern Luzon. Under date of February 8, 1748, the Bishop of Nueva Caceres [Naga], wrote to Dr. Rubio de Arevalo, secretary to the Archbishop of Manila: ""We
have suffered here in everything, the earth by earthquakes, the air by typhoons, the fire by eruptions, the water by floods. The winter this year has been, and still is, such
as has never been experienced."" This letter is preserved in Vol. 10, ""Gobierno Diocesano,"" in the archives of the archdiocese of Manila. As the typhoon season lasts from June to November it is probable that most, if not all, of the events referred to happened in 1747."
420,1742,3.0,23.0,,,-36.8,-73.0,CENTRAL CHILE,CHILE,West Coast of South America,Earthquake,Very Doubtful Tsunami,,,,,,,https://www.ngdc.noaa.gov/hazel/view/hazards/tsunami/event-more-info/420,"March 23, 1742, event validity questionable. There was a strong earthquake and tsunami in Concepcion (Navarette, 1933). [Erroneous information?] (reference #415)
<P>March 23, 1742, 36.8 S, 73 W. (reference #552)"
4,-1365,,,,,35.683,35.8,SYRIAN COASTS,SYRIA,Mediterranean Sea,Earthquake,Very Doubtful Tsunami,,,6.0,Severe (~>$5 to $24 million),,,https://www.ngdc.noaa.gov/hazel/view/hazards/tsunami/event-more-info/4,"1365 <u>+</u> 5 B.C. Aegean Sea, Asia Minor. According to writings of Demokles, Strabo and others, strong earthquakes in Asia Minor covered the Greek regions Ionia and Lydia,
up to Troy. Many cities were wiped out in the north. Mt Sypilos was destroyed. Marshes became lakes. The tidal wave flooded Troy. (<B>Probably, these were the same events as in 1380 B.C.</B>). (reference #2130)
<P>1365 B.C. (<U>+</u>5 years) there was earthquake destruction at Ugarit (35 deg 41 min N, 35 deg 48 min E), with a probable tsunami at the Syrian coast. (reference #2815)
<P>1365 B.C. <U>+</u>5 years. Syrian coasts, Ugarit near Minet-el-Beida (tsunami intensity vi?). (references #15, #20)"
392,1722,10.0,,,,-6.1739999999999995,106.829,"DJAKARTA (JAKARTA), JAVA",INDONESIA,Indian Ocean (including west coast of Australia),Earthquake,Very Doubtful Tsunami,,,0.0,,,,https://www.ngdc.noaa.gov/hazel/view/hazards/tsunami/event-more-info/392,"October, 1722, no date, 8:00 (local time). Djakarta (Batavia). There was a strong earthquake. In addition, the water was tossed up in the roadstead as in a ""boiling saltern"". (reference #414)"
500,1770,,,,,-5.0,102.0,SW. SUMATRA,INDONESIA,Indian Ocean (including west coast of Australia),Earthquake,Probable Tsunami,7.0,,0.5,Severe (~>$5 to $24 million),Many (~101 to 1000 houses),,https://www.ngdc.noaa.gov/hazel/view/hazards/tsunami/event-more-info/500,"<P><blockquote><i>Reference #414:</i></blockquote> 
<P>1770, no date, 5 S, 102 E, magnitude 7. In the Bengkulu district (Sumatra Island), there was a very strong earthquake. A settlement was destroyed. The ground cracked. One of the cracks had a length of 500 m, a width of 3 1/2 m and a depth of 8 m, and from it oozed a bituminous substance. At the same time, a section of coast near the mouth of the Padang Gutongi River, which flows in the Mana district, dried up. Finally, a tidal wave occurred simultaneously with the earthquake.
<P>As Wichmann notes, the year given is tentative. The event could have coincided with the earthquake experienced at Bengkulu by Ch. Miller, who says: Â“One earthquake, in particular, after my arrival here was very strong and did much damage in the country. The Dempo Volcano, visible
from Fort Malboro at Bengkulu and smoking almost constantly, ejected flames during the earthquakeÂ” (Wichmann, 1918)."
67,842,10.0,24.0,,,49.5,-2.5,"CHANNEL ISLANDS, ENGLAND",UK,Northeast Atlantic Ocean,Earthquake,Very Doubtful Tsunami,,,,Limited (<$1 million),,,https://www.ngdc.noaa.gov/hazel/view/hazards/tsunami/event-more-info/67,"October 24, 842. Channel Islands (49.5 N, 02.5 W) and northern France. Local earthquake. The shock threw down the monuments... and also engulfed the seashore of the neighboring continent. (reference #43)"
298,1667,11.0,30.0,,,38.4,27.1,IZMIR,TURKEY,Mediterranean Sea,Earthquake,Questionable Tsunami,6.6,,2.0,,,,https://www.ngdc.noaa.gov/hazel/view/hazards/tsunami/event-more-info/298,"November 30, 1667 (Possibly July 10, 1668) Aegean Sea, Asia Minor. A strong earthquake occurred in Izmir, 38.4 N, 27.1 E, intensity IX, magnitude 6.6, tsunami intensity 2.The sea in Izmir was stormy. (reference #2130)."
87,1039,2.0,2.0,,,38.4,27.3,CONSTANTINOPLE,TURKEY,Mediterranean Sea,Earthquake,Very Doubtful Tsunami,6.8,,,Severe (~>$5 to $24 million),Many (~101 to 1000 houses),Many (~101 to 1000 people),https://www.ngdc.noaa.gov/hazel/view/hazards/tsunami/event-more-info/87,"1039, February (January) 2. Zone of the Sea of Marmara. Smyrna became a terrible spectacle, because the most beautiful buildings collapsed and many people killed (reference #2130).
<P>1039, January. Constantinople (Istanbul). Duck (p. 133, ref #4100) quotes Cedrinos (ii, P. 532, ref #4101) for this seismic seawave, but we can find no mention in that author. (references #15 and #26)
<P>1039, January. Constantinople. (reference #20)
<P>1039, February 2. 38.4 N, 27.3 E, magnitude 6.8. (reference #330)
<P>1038 or 1039. 41.04 N, 28.98 E, Instanbul, earthquake intensity VI. (reference #1071)"
445,1752,4.0,28.0,,,40.4,-8.7,PORTUGAL,PORTUGAL,Northeast Atlantic Ocean,Earthquake,Very Doubtful Tsunami,,,,,,,https://www.ngdc.noaa.gov/hazel/view/hazards/tsunami/event-more-info/445,"April 28, 1752, Portugal. A violent earthquake at Buarcos (40 deg l0 min N, 08 deg 53 min W) and Aveiro (40 deg 38 min N, 08 deg 39 min W) was accompanied by inundations. (reference #41)"
461,1756,3.0,29.0,,,38.7,-9.1,LISBON,PORTUGAL,Northeast Atlantic Ocean,Earthquake,Very Doubtful Tsunami,,,,,,,https://www.ngdc.noaa.gov/hazel/view/hazards/tsunami/event-more-info/461,"Berninghausen (Reference #41) says: ""1756 March 29. Portugal. Violent shock at Lisbon. The waters of the Tagus River were much swollen."" His reference is Mallet and Mallet (Reference #1879).
<P>Mar. 29, 1756, a violent shock; the waters of the Tagus rose considerably. (reference #516)"
463,1757,7.0,15.0,,,49.92,-6.32,"SCILLY ISLANDS, ENGLAND",UK,Northeast Atlantic Ocean,Earthquake,Very Doubtful Tsunami,,,,,,,https://www.ngdc.noaa.gov/hazel/view/hazards/tsunami/event-more-info/463,"Earthquake possibly originating in the Scilly Islands caused ""agitation of the sea"" at St. Just."
251,1640,4.0,4.0,,,50.8,5.7,ROER VALLEY,GERMANY,Northeast Atlantic Ocean,Earthquake,Very Doubtful Tsunami,,,,,,,https://www.ngdc.noaa.gov/hazel/view/hazards/tsunami/event-more-info/251,"Reference #43 says: ""Three shocks were felt. The inside waters of Holland were much disturbed."" This is from Mallet and Mallet (Reference #1879) that says, ""The ships in the ports of Holland were very much agitated, although it was quite calm."" Vogt (Reference #3942), in his study of the original sources, says that these are accounts from the outer regions of the macroseismic area. He ascribes the agitation of the water detail to the Gazette de France of 1640: <i> ""...Le Rhin s'enfla acec un si grand bruit que les mariniers ne purent demeurer dans leurs bateaux comme ils avaient accountume...""</i> [The Rhine had a great noise and swelled so that the mariners could not stay on their boats as they were accustomed.] The exact location is not known but perhaps is near Rotterdam, which is considered the main port at the mouth of the Rhine."
108,1273,9.0,,,,41.3,19.7,ALBANIAN COASTS,ALBANIA,Mediterranean Sea,Earthquake,Questionable Tsunami,6.5,,3.0,,,,https://www.ngdc.noaa.gov/hazel/view/hazards/tsunami/event-more-info/108,"1273 September (March). Adriatic Sea, Albania, Durres. Tsunami. (reference #2130)"
8,-525,,,,,33.56,35.37,LEBANON COASTS,LEBANON,Mediterranean Sea,Earthquake,Questionable Tsunami,,,3.0,,,,https://www.ngdc.noaa.gov/hazel/view/hazards/tsunami/event-more-info/8,"525 B.C. Levantian Sea, Near East, Saida. Tsunami, intensity of tsunami ii-iii. Event validity 2. (reference #2130).
<P>525 B.C. Coasts of Lebanon, Saida (Sidon). No mention of a seismic sea-wave by chroniclers who describe the earthquake. (reference #15, #20)"
7,-590,,,,,33.27,35.22,LEBANON COASTS,LEBANON,Mediterranean Sea,Earthquake,Questionable Tsunami,,,6.0,,,,https://www.ngdc.noaa.gov/hazel/view/hazards/tsunami/event-more-info/7,"590 B.C. Levantian Sea, Near East. Possibly, tsunami. Event validity 2. Tsunami intensity iv. (reference #2130).
<P>590 B.C. Coasts of Lebanon. Sur (Tyre) (tsunami intensity vi?). (references #15, 20)"
72,863,7.0,10.0,,,37.1,138.0,NW. HONSHU ISLAND,JAPAN,Japan,Earthquake and Landslide,Definite Tsunami,7.0,,2.0,Severe (~>$5 to $24 million),Many (~101 to 1000 houses),Many (~101 to 1000 people),https://www.ngdc.noaa.gov/hazel/view/hazards/tsunami/event-more-info/72,"July 10, 863, 37.1 N 138 E, magnitude 7. Landslide. Several inlets disappeared. Many houses destroyed and many deaths. Enormous amounts of water gushed out. (reference #150)"
433,1750,,,,,10.7,-64.1,CUMANA,VENEZUELA,Caribbean Sea,Earthquake,Very Doubtful Tsunami,,,,,,,https://www.ngdc.noaa.gov/hazel/view/hazards/tsunami/event-more-info/433,"Singer et al. (Reference #410) reported a wave at Cumana, which he associated with an earthquake within the city of Cumana itself."
171,1545,2.0,7.0,,,34.8,139.0,IZU PENINSULA,JAPAN,Japan,Earthquake,Questionable Tsunami,,,,,,,https://www.ngdc.noaa.gov/hazel/view/hazards/tsunami/event-more-info/171,"February 7, 1545, event validity 2. According to some vague data, there was an earthquake and tsunami on the Izu Peninsula. (reference #414)
<P>February 7 (17), 1545. Imamura (reference #2559), who used later date for this reported event, considered this report referred actually to the 1605 Jan 31 tsunami. However, according to Musya (reference #3462), the event actually took place on the earlier date when a quake was reported at Izu. (reference #79)"
468,1761,3.0,31.0,12.0,1.0,34.5,-13.0,SW PORTUGAL,PORTUGAL,Northeast Atlantic Ocean,Earthquake,Probable Tsunami,8.5,,2.0,,,,https://www.ngdc.noaa.gov/hazel/view/hazards/tsunami/event-more-info/468,"1761, March 31, 12:01 am. 34.5 N, 13 W, tsunami magnitude 8.5. Earthquake at Lisbon,(Reference #3952)
<P>1761, March 31, 12:05 am. 37 N, 10 W, intensity IX. (Reference #537)
<P>At Lisbon, the agitation of the sea was very great, the
water rising and falling many feet vertically. Ships at anchor in the river, though riding in some fathoms of water, were left dry at intervals. According to another account, the sea began to fall and rise about 13 hr. after the earthquake, about 8 ft. vertically; the movements continued until night.<P>At Penzance, about 5 p.m., the sea rose suddenly about 6 ft. five times within one hour. At the pier of St. MichaelÂ’s Mount, the sea rose and fell about 4 ft. at the same time. At Newlyn, the sea rose nearly 6 ft. In the Scilly Isles, it rose 4 ft. at this time, the movements continuing for two hours. Along the Irish coasts, the same phenomena mere observed. At Kinsale, at about 6 p.m., the sea rose suddenly 2 ft. and retreated rapidly in 4 min., this being repeated, though to a less estent, several times. At Carrick, at 4 p.m., the surface of the river Suir rose 1 ft. in five minutes. At Dungarvan, the sea ebbed and flowed five times between 4 and 9 p.m. At Waterford, the sea advanced 30 ft. along the shore, while at Ross (Co. Wexford), a violent agitation of the river occurred at 7 p.m. <P>To the south and west, similar movements were observed. At Terceira, in the Azores, the sea rose to a great height and then fell so low that the quays were left dry. At Barbadoes, at about 8.5 hours after the earthquake, the sea, then near low water, suddenly retired from the shore and in about 3 min. returned, rising to the height of nearly 4 ft. This flux and reflux continued until 6 a.m. the next day
<P>(above from reference #516)
<P>1761, March 31, 12:05 local time. 37 N, 10 W, magnitude 6.5, intensity IX, tsunami intensity II. (reference #4139)
<P>On the contrary, the tectonic source of 31 March 1761 remains poorly understood. The seismic catalogues present different earthquake locations: 10.00W, 37.00 N (Mezcua and Solares, 1983) or 10.50W, 36.00 N (Oliveira, 1986). Baptista et al. (2006), used macroseismic intensity data and tsunami travel time observations to locate the source circa 13.00W, 34.50 N and estimated the magnitude in 8.5. The source location obtained by Baptista et al. (2006) places the 1761 event southwest of the Southwest Iberian Margin (SWIM) in the outer part of the Gulf of Cadiz. The plate boundary between Eurasia and Africa is not well defined in the SWIM area, as the deformation is distributed over a large area. (reference #12398)"
386,1715,12.0,29.0,,,33.3,131.7,SEIKAIDO,JAPAN,Japan,Earthquake,Definite Tsunami,6.6,,,,,,https://www.ngdc.noaa.gov/hazel/view/hazards/tsunami/event-more-info/386,"Tsunami along the coast of Beppu Bay. (reference #150)
<P>1715, December 29. A tsunami was observed on the northeast of Kyushu Island in Beppu Gulf. There are no details available (Reference #414)."
144,1498,7.0,9.0,,,34.4,137.7,ENSHUNADA,JAPAN,Japan,Earthquake,Questionable Tsunami,6.4,,,Limited (<$1 million),,,https://www.ngdc.noaa.gov/hazel/view/hazards/tsunami/event-more-info/144,"July 9, 1498, 34.4 N, 137.7 E, magnitude 6.4, tsunami intensity 0. Tsunami struck Kii, Ise, Kamakura. 18-19 ha sunk at Tsu, Ise. Landslides and cracks at Totombi by quake. (reference #150)"
465,1757,8.0,24.0,,,-6.0,107.0,JAKARTA,INDONESIA,Indian Ocean (including west coast of Australia),Earthquake,Questionable Tsunami,7.5,,-0.5,,,,https://www.ngdc.noaa.gov/hazel/view/hazards/tsunami/event-more-info/465,"On August 24, 1757 at about 2:00 [local time] at [Jakara] Djakarta (Batavia), there was a strong undulating tremor [magnitue 7.5] lasting 5 minutes. At 2:05 [local time], during the strongest shock, a wind blew in from the northeast. The water in the Liwung River, which flows into the sea at [Jakara] Djakarta, rose to a height of 1/2 m (2 feet) above the usual level and fell by the same amount. (reference #414)"
285,1659,11.0,11.0,,,-6.92,129.125,BANDA SEA,INDONESIA,Indonesia (Pacific Ocean) and Malaysia,Volcano,Questionable Tsunami,,,0.0,,,,https://www.ngdc.noaa.gov/hazel/view/hazards/tsunami/event-more-info/285,"<P><blockquote><i>Reference #414:</i></blockquote> 
<P>1659, November 11. Validity 2. Teun Island. Strong earthquakes on the 9th, accompanied by a rumble, forced the local residents to flee to Nila and Damar Islands. A strong eruption of Teun Volcano (Funuweri) followed on the 11th. The rumble which it caused, like a cannonade, was heard at Ambon and on the Banda Islands. A tidal wave was observed in Ambon Bay."
278,1653,7.0,,,,13.1,121.6,SIBUYAN SEA,PHILIPPINES,"China, North and South Korea, Philippines, Taiwan",Earthquake,Very Doubtful Tsunami,,,1.0,,,,https://www.ngdc.noaa.gov/hazel/view/hazards/tsunami/event-more-info/278,"<P><blockquote><i>Reference #414:</i></blockquote> 
<P>1653, between June 26 and July 23. According to one source, not confirmed by others. the ""San Francisco Xavier"" en route to Manila passing through the San Bernardino Strait and casting anchor on Mindoro Island, felt an earthquake which caused storm waves at sea. The ship was torn from its anchors and damaged (Repetti, 1946; Iida et al., 1967; Cox,1970). [It is difficult to interpret the report; the possibility of a tsunami is not excluded.] <P><blockquote><i>Reference #79:</i></blockquote> 
<P>1653, July. Mindoro, Sibuyan Sea. Anchored galleon set adrift by breaking waves that were caused by an earthquake according to one historical account. Repetti points out that the quake was not mentioned but that three typhoons were mentioned in other accounts. The occurrence of a tsunami is, therefore, considered very doubtful. 
<P><blockquote><i>Reference #3029:</i></blockquote> 
<P>1653, July. Island of Mindoro. Midnight. The Recoleto historian, Father Diego de Santa Teresa, reports an earthquake as follows: ""[The galleon San Francisco Xavier] reached the strait of San Bernardino after a successful voyage, and, passing through it at the risk occasioned by the vicinity of so many islands, anchored near Mindoro. At midnight it was in great danger because an earthquake caused the sea to throw up breaking waves, and the galleon broke from its anchors. It would have been carried to certain destruction if it had not been saved by the Suffering Christ."" DST, p. 243. We learn from the Augustinian historian, Diaz, that the ship entered San Bernardino on June 26 and arrived at Cavite on July 23. He mentions that it was nearly wrecked in a storm off Mindoro and encountered three more typhoons before reaching Manila.
He makes no mention of an earthquake. CD, pp. 527-528. The reality of this earthquake may be reasonably doubted. In order to have the effects on the sea which Santa Teresa describes, the earthquake would have been very strong and could scarcely have escaped notice by other historians."
422,1744,,,,,17.0,121.0,N. LUZON ISLAND,PHILIPPINES,"China, North and South Korea, Philippines, Taiwan",Earthquake,Questionable Tsunami,,,1.0,,,,https://www.ngdc.noaa.gov/hazel/view/hazards/tsunami/event-more-info/422,"<P><blockquote><i>Reference #414:</i></blockquote> 
<P>1744. In the northern part of Luzon Island there were earthquakes which affected a vast area and lasted several months. The sea entered the river with great force. <P><blockquote><i>Reference #1187:</i></blockquote> 
<P>1744. Northern Luzon: There were widespread earthquakes which lasted for whole months. The sea enters the river with great force. 
<P><blockquote><i>Reference #3029:</i></blockquote> 
<P>1744. Northern Luzon. In the Diccionario Ibanag-Espanol there is mention of earthquakes under the word ALLUYU, meaning great waves, as follows: ""The sea enters the
river with great force ... as happened ... in the year 1744, there were widespread earthquakes which lasted for whole months."" JB, p. 20."
397,1725,3.0,27.0,,,-16.6,-72.7,S. PERU,PERU,West Coast of South America,Earthquake,Questionable Tsunami,,50.0,1.5,Moderate (~$1 to $5 million),,,https://www.ngdc.noaa.gov/hazel/view/hazards/tsunami/event-more-info/397,Shocks were felt along the entire southern coast of Peru right up to Callao. High seas caused much damage in Camana. (reference #415)
256,1642,9.0,4.0,,,35.2,140.6,"BOSO, JAPAN",JAPAN,Japan,Earthquake,Definite Tsunami,6.7,,1.0,,,,https://www.ngdc.noaa.gov/hazel/view/hazards/tsunami/event-more-info/256,"Awa (Chiba Pref.), earthquake and tsunami. (reference #150)"
115,1332,2.0,12.0,,,40.9,28.9,CONSTANTINOPLE,TURKEY,Mediterranean Sea,Earthquake,Questionable Tsunami,6.8,,3.0,,,,https://www.ngdc.noaa.gov/hazel/view/hazards/tsunami/event-more-info/115,Possibly 1331. An earthquake accompanied by huge sea waves took place (reference #2130).
340,1688,3.0,1.0,,,17.6,-76.5,PORT ROYAL,JAMAICA,Caribbean Sea,Earthquake,Very Doubtful Tsunami,,,,,,,https://www.ngdc.noaa.gov/hazel/view/hazards/tsunami/event-more-info/340,"Gregorian calendar date. Waves damaged ships at Port Royal. A ship at sea was reportedly damaged by a hurricane. No hurricanes are listed in Millas (Reference #1497), since this is not in hurricane season."
295,1667,,,,,25.0,125.5,"MIYAKOJIMA, JAPAN",JAPAN,Japan,Earthquake,Definite Tsunami,6.7,,1.0,,,,https://www.ngdc.noaa.gov/hazel/view/hazards/tsunami/event-more-info/295,About 40 a field subsided about 1m and was covered with sea water at Sukama village. (reference #150)
151,1509,6.0,17.0,,,31.5,121.5,SOUTH CHINA SEA,CHINA,"China, North and South Korea, Philippines, Taiwan",Earthquake,Questionable Tsunami,,,0.0,,,,https://www.ngdc.noaa.gov/hazel/view/hazards/tsunami/event-more-info/151,"<P><blockquote><i>Reference #414:</i></blockquote> 
<P>1509, June 17 - July 16, validity 2. There was an earthquake in the region of the mouth of the Yangtzekiang River. Floods of sea water were observed in June on the coast of the Yellow Sea at Chiatung (according to the chronicles of the locality of Chiatung). In the summer, floods of sea water were also recorded on the coast at Nanxiang and Wusong (according to the chronicles of the localities of Nanxiang and Wusong). 
<P><blockquote><i>Reference #150:</i></blockquote> 
<P>1509, June 17, validity 3. Yellow Sea, China. June, earthquake and tsunami. Chiating, Hisin, Lotien Chen, Paoshan Hsin, at mouth of Yangtze River, tsunami."
416,1738,7.0,19.0,,,36.8,24.4,"MILOS ISLAND, AEGEAN ISLANDS",GREECE,Mediterranean Sea,Earthquake,Very Doubtful Tsunami,6.5,,3.0,Moderate (~$1 to $5 million),Some (~51 to 100 houses),,https://www.ngdc.noaa.gov/hazel/view/hazards/tsunami/event-more-info/416,"1738. Milos, 36.8 N, 24.4 E, tsunami intensity III. (reference #416)
<P><B>Note:</B> This tsunami is not listed in the later catalog, reference #2130: Soloviev, Sergey L., Olga N. Solovieva, Chan N. Go, Khen S. Kim, and Nikolay A. Shchetnikov, 2000, Tsunamis in the Mediterranean Sea 2000 B.C.-2000 A.D., Advances in Natural and Technological Hazards Research, Volume 13, Kluwer Academic Publishers, Dordrecht, Netherlands, 237 p."
406,1732,12.0,4.0,,,35.2,140.8,"KUJUKURI BEACH, JAPAN",JAPAN,Japan,Earthquake,Probable Tsunami,6.5,,1.0,,,,https://www.ngdc.noaa.gov/hazel/view/hazards/tsunami/event-more-info/406,"On December 4, 1732,new tideland field was inundated by a tsunami at Kujukuri Beach. (reference #150)"
404,1732,2.0,25.0,,,16.8,-99.9,S. MEXICO,MEXICO,West Coast of North and Central America,Earthquake,Probable Tsunami,,,1.5,Severe (~>$5 to $24 million),Many (~101 to 1000 houses),,https://www.ngdc.noaa.gov/hazel/view/hazards/tsunami/event-more-info/404,"February 25, 1732. At Acapulco there was a very strong earthquake, which destroyed almost all buildings. It was accompanied by unusual flood and ebb tides at sea. The water rose 3 m, flooded the town square, and then, after a brief state of equilibrium, it retreated. Oscillations in level recurred several times. (reference #415)
<P>Origin believed to be near Acalpulco.  (reference #369)"
385,1715,8.0,23.0,0.0,,-17.3,-70.8,PERU,PERU,West Coast of South America,Earthquake,Probable Tsunami,7.5,80.0,,Limited (<$1 million),Few (~1 to 50 houses),Few (~1 to 50 people),https://www.ngdc.noaa.gov/hazel/view/hazards/tsunami/event-more-info/385,"August 22, 1715, northern Chile, 18.5 S, 70.3 W, magnitude 7.5, tsunami generated. (reference #552)
<P>August 22, 1715, at 7 p.m. Great earthquake in Moquegua, Peru (17.18 S, 70.93 W), which also ruined Arica, Chile (18.5 S, 70.33 W) and caused large landslides, etc. Magnitude about 7.5. (reference #252)
<P>August 22, 1715, magnitude 7.5. (reference #164)"
384,1711,12.0,20.0,,,34.3,134.0,"SEIONAIKAI, JAPAN",JAPAN,Japan,Earthquake,Definite Tsunami,6.7,,1.0,Severe (~>$5 to $24 million),Very Many (~1001 or more houses),Many (~101 to 1000 people),https://www.ngdc.noaa.gov/hazel/view/hazards/tsunami/event-more-info/384,"An earthquake occurred at Takamatsu, Kagawa Prefecture; 1,713 homes were destroyed; about 1,000 people died. About 30 recurrent shocks were recorded in the following 24 hours. Ten tsunami waves were observed during the day. (reference #414)"
381,1710,3.0,6.0,,,-4.53,129.9,BANDA SEA,INDONESIA,Indonesia (Pacific Ocean) and Malaysia,Earthquake,Probable Tsunami,,,1.5,Severe (~>$5 to $24 million),,,https://www.ngdc.noaa.gov/hazel/view/hazards/tsunami/event-more-info/381,"<P><blockquote><i>Reference #414:</i></blockquote> 
<P>1710, five weeks before April 10 (March 6?). There was a ""large and terrible"" earthquake at Bandaneira. The surface of the earth did not repose for a month. Most of the homes were substantially damaged. The sea repeatedly surged on to land as far as Fort Nassau and left fish in front of the water gates. 
<P><blockquote><i>Reference #79:</i></blockquote> 
<P>1710, March 6. Banda Island, Banda Sea. Banda Neira. Great wave with some damage."
380,1708,11.0,28.0,,,-3.69,128.15,BANDA SEA,INDONESIA,Indonesia (Pacific Ocean) and Malaysia,Earthquake,Probable Tsunami,,,2.0,Limited (<$1 million),,,https://www.ngdc.noaa.gov/hazel/view/hazards/tsunami/event-more-info/380,"1708, November 28, between 22:00 and 23:00. A tidal wave burst into Ambon Bay with a loud noise and inundated the region as far as the homes on the slopes of Mount Batu Mera, east of the city. Streams flowed backwards, and bridges were smashed. Then the water again surged back in a strong current and retreated so far that it was scarcely visible. Both the flood and ebbs lasted so long that one could count to 100-150 during a single flood or ebb. The process lasted until 3:00 on the following day, after which these waves were not observed. A similar phenomenon occurred at midnight In Baguala Bay. No such phenomena were observed on other areas of the coast. (reference #414)
<P>1708, November 28. Dutch East Indies, Amboina (sea 1674). Great sea wave with some damage. (reference #132)
<P>1708,  November 28. Indonesia. A large wave did some damage at Amboina. (reference #40)"
379,1708,2.0,13.0,,,34.0,137.0,TOKAIDO,JAPAN,Japan,Earthquake,Definite Tsunami,7.0,,1.0,Limited (<$1 million),,,https://www.ngdc.noaa.gov/hazel/view/hazards/tsunami/event-more-info/379,"Aftershock of 1707 quake. Tsunami damage at Ise Yamada and Mikawa Atsumi, Nagashima (Kuwana), Hachijo Is, tsuanmi. (reference #150)
<P>1708, February 13. There was an earthquake in Mie Prefecture. A tsunami was observed on the coast of Ise and Atsumi Bays and on Hachijo Island. The water rose at Fukiage (region of Ujiyamada) (Reference #414)."
365,1700,9.0,12.0,,,36.5,126.5,YELLOW SEA,SOUTH KOREA,"China, North and South Korea, Philippines, Taiwan",Earthquake,Definite Tsunami,6.5,,1.0,,,,https://www.ngdc.noaa.gov/hazel/view/hazards/tsunami/event-more-info/365,"<P><blockquote><i>Reference #414:</i></blockquote> 
<P>1700, September 12. Validity 2. 36.5 N, 126.5 E. In Korea, there was an earthquake and tsunami on the coast of the province of P'yongyan, at Naepo [North Korea]. There was no destruction. (Imamura, 1949; Musya, 1951; Iida et al., 1967)
<P>According to D.N. Rustanovich et al. (1961), an earthquake occurred in the province of Ch'ungch'ong. At Chulgsan, large cracks formed on the surface of the ground. A tsunami occurred. 
<P><blockquote><i>Reference #150:</i></blockquote> 
<P>1700, September 12. 36.5 N, 126.5 E, magnitude 6.5, validity 4. Earthquake and tsunami Heiando [North Korea] and Chuseido earthquake, Uchiura tsunami. No damage. <P><blockquote><i>Reference #79:</i></blockquote> 
<P>1700, September 12. Tsunami source area Heiando, [North] Korea. Tsunami observation Uchiura, W. coast Korea. No damage."
355,1698,12.0,22.0,,,33.3,131.7,SEIKAIDO-NANKAIDO,JAPAN,Japan,Earthquake,Definite Tsunami,6.4,,,,,,https://www.ngdc.noaa.gov/hazel/view/hazards/tsunami/event-more-info/355,"1698, December 22. Earthquake and tsunami. (reference #150)
<P>1698, December 22. A tsunami was observed on the coast of Bungo Strait and Oita Prefecture. There are no details. Possibly the date is mixed up and the data relate to some other tsunami (Reference #414)."
335,1687,7.0,12.0,,,-32.8,-70.7,CENTRAL CHILE,CHILE,West Coast of South America,Earthquake,Very Doubtful Tsunami,7.5,,,Limited (<$1 million),Few (~1 to 50 houses),Few (~1 to 50 people),https://www.ngdc.noaa.gov/hazel/view/hazards/tsunami/event-more-info/335,"July 12, 1687. (reference #164)
<P>July 12, 1687, 07:00 UTC, 32.8 S, 70.7 W, magnitude 7.3, validity 4. (reference #552)"
330,1681,6.0,12.0,,,37.5,129.5,SEA OF JAPAN,SOUTH KOREA,"China, North and South Korea, Philippines, Taiwan",Earthquake,Very Doubtful Tsunami,,,,,,,https://www.ngdc.noaa.gov/hazel/view/hazards/tsunami/event-more-info/330,"<P><blockquote><i>Reference #414:</i></blockquote> 
<P>1681, June 12, validity 1. Korea, east coast, Yanyan and Sanchok. There was an earthquake accompanied by a ""sea wave vibration,"" but more likely a seaquake or seiche. 
<P><blockquote><i>Reference #150:</i></blockquote> 
<P>1681, June 12, validity 1. East coast Korea. Almost whole Korea vibrated several times. Window walls fell down. Tsunami at Yanyan and Sanchock. Probably storm. 
<P><blockquote><i>Reference #79:</i></blockquote> 
<P>1681, June 12. Tsunami source: Central Korea. Observation: Korea, E. Coast, Yanyan and Sanchok."
318,1675,3.0,,,,13.0,121.0,SULU SEA,PHILIPPINES,"China, North and South Korea, Philippines, Taiwan",Earthquake,Questionable Tsunami,,,1.0,Limited (<$1 million),Few (~1 to 50 houses),,https://www.ngdc.noaa.gov/hazel/view/hazards/tsunami/event-more-info/318,"<P><blockquote><i>Reference #414:</i></blockquote> 
<P>In March (February), 1675, there was an earthquake stronger than usual on Luzon and Mindoro Islands. A depression formed on Mindoro Island near the small city of Pola at the foot of one of the mountains. The sea penetrated along it onto the land and flooded a vast and very fertile plain, making it unsuitable for cultivation and habitation. [The possibility of a tsunami is not excluded, although there are no direct indications.]"
316,1674,5.0,6.0,,,-3.7,128.2,BANDA SEA,INDONESIA,Indonesia (Pacific Ocean) and Malaysia,Earthquake,Probable Tsunami,6.0,,0.0,,,,https://www.ngdc.noaa.gov/hazel/view/hazards/tsunami/event-more-info/316,"<P><blockquote><i>Reference #414:</i></blockquote> 
<P>1674, May 6, 4:30. There was a shock of moderate strength (one of the numerous recurrent shocks of the earthquake of February 17, 1674) which was accompanied by a booming rumble from the mountains on the Hitu Peninsula. There was a weak tidal wave in Ambon Bay.
<P><blockquote><i>Reference #132:</i></blockquote> 
<P>1674, May 6. Dutch East Indies. Moderate waves at Hitu. <P><blockquote><i>Reference #79:</i></blockquote> 
<P>1674, May 6. Dutch East Indies. Moderate waves. 
<P><blockquote><i>Reference #40:</i></blockquote> 
<P>1674, May 6. Indonesia, moderate waves at Hitu-lama."
312,1673,8.0,12.0,,,1.375,127.52,N. MOLUCCAS ISLANDS,INDONESIA,Indonesia (Pacific Ocean) and Malaysia,Volcano,Probable Tsunami,,,1.0,Limited (<$1 million),Few (~1 to 50 houses),Many (~101 to 1000 people),https://www.ngdc.noaa.gov/hazel/view/hazards/tsunami/event-more-info/312,"<P><blockquote><i>Reference #414:</i></blockquote> 
<P>1673, August 12, between 22:00 and 23:30 [local time] such a strong earthquake occurred on Ternate Island that no one could remember the like. The southern slope of Ternate Volcano split from top to bottom. Avalanches and rock falls occurred. The houses of the King of Ternate, standing at the foot of the volcano, made of stone and covered with tiles, collapsed completely. The sea ""swelled"" up so much that all the ships in the roadstead almost went to the bottom. Fish were tossed up on the beach in enormous amounts. This destructive phenomenon continued for at least another two months. May 20, 1673 is an additional date given for this tsunami.
<P><blockquote><i>Reference #2379:</i></blockquote> 
<P>Since its first recorded eruption in the 16th century, Gamkonora has typically produced small-to-moderate explosive eruptions. Its largest historical eruption, in 1673 [May 20], was accompanied by tsunamis that inundated villages. 
<P><blockquote><i>Reference #9675:</i></blockquote> 
<P>1673, May 20. Eruption of Gamkonora. Tsunami inundated villages, many deaths. 
<P><blockquote><i>Reference #132:</i></blockquote> 
<P>1673 August 12. Dutch East Indies, Ternate (a small island lying west of Halmahera, which lies northwest of New Guinea). Sea wave of considerable force. 
<P><blockquote><i>Reference #40:</i></blockquote> 
<P>1673 August 12. Indonesia, Ternate (00 deg 48 min N, 127 deg 20 min E), (a small island west of Halmahera). Sea wave of considerable force."
309,1672,4.0,,,,40.0,26.0,ISLAND OF TENEDOS,GREECE,Mediterranean Sea,Earthquake,Very Doubtful Tsunami,6.5,,,,,,https://www.ngdc.noaa.gov/hazel/view/hazards/tsunami/event-more-info/309,"1672 or 1673, the middle of April. Aegean Sea, Islands of Eastern Sporades. 40 N 26E, intensity IX, magnitude 6.5, An earthquake occurred which was felt within a large area. It caused great damage on the Island of Ternedos. Some houses disappeared in waves. It was said in a catalogue that there was no tsunami, but the island sank. It is possible this description and the preceding one [1672 no month given] are related to one and the same event. (reference #2130).
<P>Violent earthquake in Thera (Santorini).  Maybe this shock is the April 1672 shock on Tenedos island reported by Galanopoulos (r433). A tsunami following  the shock ""swallowed""  the island of Kos (Galanopoulos, r433).
Further references: Papadopoulos (r80), Antonopoulos (r417), Soloviev (r414), Galanopoulos (r484) (reference #4139)
<P>1672 or 1673, mid-April. - Eastern Sporades (Tenedos), 40N, 26E. A shock with very large area of perceptibility caused severe damage on Tenedos Island (21). On Kos Island some houses vanished into the sea, presumably by a tsunami started by the shock. (reference #109)
<P>1672, April. North Aegean Sea. 39<sup>o</sup>42'N, 26<sup>o</sup>00'E, magnitude 6.8, intensity VIII, tsunami reliability 0. (reference #2427)
<P>1672, April. Islet of Stanchio. Ref: Dresdner Gelehrt Anzeiger, Dresden (No. 14, 1756), 32, 41, 31, 27. (G C: 40 N - 26 E, I=VIII). In Dresdner, Gelehrt, Anzeiger, Dresden (No. 141756, p. 13). and Bibliography 42 (p. lll), 32 (p. 324) where the sinking of a small island is mentioned, no data were found to prove the creation of sea-waves. A. Galanopoulos (1961, p. 13) metions that accordiog to A. Sieberg (1932) and F. Montandon (1953) the earthquake IVZS foils. wed by tsunami. (reference #27)
<P>1672, April. Kos, 40 N, 26 E, magnitude 6.5. (reference #330)"
307,1670,12.0,17.0,,,35.5,141.0,"BOSO, JAPAN",JAPAN,Japan,Earthquake,Definite Tsunami,6.4,,1.0,Limited (<$1 million),,,https://www.ngdc.noaa.gov/hazel/view/hazards/tsunami/event-more-info/307,"December 17, 1670, 35.5 N, 141 E, magnitude 6.4. Tsunami damage at Unakami County, Chiba Pref. Earthquake and tsunami. (reference #150)"
288,1661,1.0,8.0,,,23.0,120.1,SOUTH CHINA SEA,TAIWAN,"China, North and South Korea, Philippines, Taiwan",Earthquake,Questionable Tsunami,6.0,,1.5,Limited (<$1 million),Few (~1 to 50 houses),Many (~101 to 1000 people),https://www.ngdc.noaa.gov/hazel/view/hazards/tsunami/event-more-info/288,"<blockquote><i>Reference #3939</i></blockquote> 
<P>1661, February 15. Near Tainan, Taiwan Province, 23 N, 120.2 E, magnitude 6, intensity VII-VIII. At Anping, 23 houses collapsed, many firm buildings were also destroyed. The city wall of ""Haidi"" cracked at several places. The church at Shanhua built with bamboo collapsed. Ships in the harbour almost capsized. Sea water was turbulent. Flssures occurred at several places, especially in hilly regions. <B>The death toll was considerable</B>. Residents fled into the mountains.
<P>Shocks lasted for 6 weeks (others said 6 days). <blockquote><i>Reference #414</i></blockquote> 
<P>1661 (mistakenly 1660) January 8 or 9. There was a very strong earthquake on Taiwan Island. ""All the mountains collapsed ."" Thirty-one homes collapsed at T'ainan. The thick walls of the Zelandia fort (Anpin) cracked at several places and collapsed here and there. Three ships in the port spun in an unusual way. A flood tide from the sea rose so high that it looked like a mountain. It seemed as if it would flood the island completely. Underground shocks, gradually abating, continued for another six weeks. <blockquote><i>Reference #150</i></blockquote> 
<P>1661, January 8 or 9. SW Taiwan, 23 N, 120.1 E, magnitude 6.4, Anpin tsunami. 
<blockquote><i>Reference #79</i></blockquote> 
<P>1661, January 8 or 9. Taiwan. Sea violently agitated, ships dashed about. Perhaps a sea quake."
283,1657,12.0,,,,-3.0,128.0,BANDA SEA,INDONESIA,Indonesia (Pacific Ocean) and Malaysia,Earthquake,Questionable Tsunami,,,1.0,,,,https://www.ngdc.noaa.gov/hazel/view/hazards/tsunami/event-more-info/283,"<blockquote><i>Reference #414:</i></blockquote> 
<P>1657 (or 1659), December. Validity 2. There was an earthquake on the islands of Buru and Ambon and in many other places. Ships riding at anchor at a depth of 55-70 m spun so that it was feared that they would run aground on the shore, the reefs or the shoals."
268,1649,12.0,9.0,,,35.5,126.0,YELLOW SEA,SOUTH KOREA,"China, North and South Korea, Philippines, Taiwan",Earthquake,Definite Tsunami,6.5,,1.0,Moderate (~$1 to $5 million),,,https://www.ngdc.noaa.gov/hazel/view/hazards/tsunami/event-more-info/268,"<P><blockquote><i>Reference #414:</i></blockquote> 
<P>1649, December 9, validity 2. In Korea, there was an earthquake in the Wonsan region. A tsunami was observed on the coast of the Yellow Sea in the province of Cholla. Six villages suffered damage.
<P><blockquote><i>Reference #150:</i></blockquote> 
<P>1649. December 9. 35.5 N, 126 E, magnitude 6.5, validity 4. Zenrado Province affected by shock. Near Banzan tsunami. 
<P><blockquote><i>Reference #79:</i></blockquote> 
<P>1649, December 9. Source near Banzan. Tsunami observation Zenrado Province, Korea."
262,1646,4.0,5.0,,,41.04,28.98,MARMARA SEA,TURKEY,Mediterranean Sea,Earthquake,Very Doubtful Tsunami,,,4.0,,,,https://www.ngdc.noaa.gov/hazel/view/hazards/tsunami/event-more-info/262,"1646, April 5. Zone of the Sea of Marmara, Strait of Bosporus, tsunami intensity 3-4, reliability possible. The earthquake occurred in Istanbul. The sea rushed onto the dry land with such a force that 136 ships that were in the roadstead were cast ashore. (reference #2130)
<P>1646, April 5. Marmara Sea, 41 N, 29 E, reliability 0. Damaging inundation in Constantinople. (reference #2427)
<P>1646, April 5. At Constantinople the sea rushed in so violently that it threw 136 ships up on the strand. (reference #3470)
<P>1646 April 5. Constantinople. (references #14, #15, #20) 
<P>1646, April 5. Also, at the same time at Constantinople. At Constantinople the sea rushed in so violently that it threw 136 ships up on the strand. (reference #521)
<P>1646 April 5. Constantinople (Istanbul), intensity 3.
In PinarÂ’s earthquake catalogue, we find an earthquake
which occurred in Constantinople on April 1646. As a result of the shock 136 ships, we are informed, were thrown on land. This event we also find in Huot (1837) who adds that the earthquake shock itself was not severe. Nevertheless, the sea rushed inland so violently that 136 sailing ships were cast on shore. The original source of information seems to be a letter of Dr. Vivoli, to which unfortunately have not had access. It is quite clear that what Huot describes is the result of a seismic sea-wave which it is of interest to notice that in this case was caused by a rather mild shock.
<P>From Mallet (1858) we learn that on April 5, 1646, an earthquake occurred also in Italy. Magri (1647) says that this earthquake caused much damage in Livorno where sea-waves damaged the ships at anchor in the harbour of the town. Mallet regards these two earthquakes to have occurred simultaneously on the 5th of April 1646. On the basis of the available information on these two events it is difficult to appreciate this coincidence. If MalletÂ’s view was correct, it is difficult to distinguish whether the event of April in Constantinople was the result of a strong sea-wave which was set up by the Livorno earthquake or of a local seismic sea-wave.
<P>(above from reference #27)"
258,1643,7.0,25.0,,,35.5,129.5,SEA OF JAPAN,SOUTH KOREA,"China, North and South Korea, Philippines, Taiwan",Earthquake,Definite Tsunami,6.5,,1.0,Limited (<$1 million),,,https://www.ngdc.noaa.gov/hazel/view/hazards/tsunami/event-more-info/258,"<P><blockquote><i>Reference #414:</i></blockquote> 
<P>1643, July 25 (24), validity 2. 35.5 N, 129.5 E. There was an earthquake in Korea on the coast of the province of Kyongsan (about 60 km north of Pusan). Tidal waves were observed after the earthquake. 
<P><blockquote><i>Reference #150:</i></blockquote> 
<P>1643, July 25. 35.5 N, 129.5 E, magnitude 6.5, validity 4. Some earth wall destroyed. Keishodo, about 60 km
N. of Pusan, earthquake and SE coast small tsunami. Tide oscillations after shock. 
<P><blockquote><i>Reference #79:</i></blockquote> 
<P>1643, July 24 or 25. Source area southeast tip of Korea, tsunami observation Keshodo, Korea (about 60 km n. of Pusan). Tide oscillation after earthquake. July 24 date is given by Musya, 1941. July 25 is given in Musya summary (1951) and by Imamura."
254,1640,9.0,16.0,,,23.0,117.0,SOUTH CHINA SEA,CHINA,"China, North and South Korea, Philippines, Taiwan",Earthquake,Definite Tsunami,,,2.0,,,,https://www.ngdc.noaa.gov/hazel/view/hazards/tsunami/event-more-info/254,"<P><blockquote><i>Reference #414:</i></blockquote> 
<P>1640, September 16, validity 2. There was an earthquake (23 N, 117 E) in the province of Kwangtung in China. A tsunami was observed at Chenghai, Chuogang and Chieyang (according to the chronicles of these localities). 
<P><blockquote><i>Reference #150</i></blockquote> 
<P>1640, September 16. 23 N 117 E, validity 4. Kwantung, Chenghai, Chuoyang and Chieyang, earthquake and tsunami. 
<P><blockquote><i>Reference #79:</i></blockquote> 
<P>1640, September 16. 23 N, 117 E, S. China sea. Earthquake and Tsunami. China, Kwantung, Chenghai, Chuoyang, and Chieyang.
<P><P><blockquote><i>Reference #8575:</i></blockquote> 
<P>Lee (1998) cited the publication of Zhou and Adams (1986) as one of the data sources for a tsunami event on the SE Chinese coast on 16 September 1640. However, it appears that Zhou and Adams have not included this event in their work. Interestingly they have reported a tsunami at the same location for the year 1641."
243,1629,8.0,1.0,,,-4.6,129.9,BANDA SEA,INDONESIA,Indonesia (Pacific Ocean) and Malaysia,Earthquake,Probable Tsunami,,,3.0,Moderate (~$1 to $5 million),Some (~51 to 100 houses),,https://www.ngdc.noaa.gov/hazel/view/hazards/tsunami/event-more-info/243,"<P><blockquote><i>Reference #414:</i></blockquote> 
<P>August 1, 1629, 21:30 [local time]. Validity 3. The Banda Islands felt  a strong earthquake; the ground cracked. Half an hour later, a high mountain of water appeared in the strait between Lonthor and Neira Islands. The tidal wave rolled directly onto Fort Nassau and the coastal settlement of Bandaneira on Neira Island. The water rose 16 m (9 fathoms) above the spring flood tide mark (according to Perrey, the water inundated Fort Nassau by 3 m [9 feet]). The stone breakwater in front of the fortress was washed away. The water invaded the fort with such force that a cannon weighing 1 1/2 tons was dragged 11 m. Several homes on the shore were washed away, and others were destroyed. The wave rose three times and spun the ""Brill,"" which was riding at anchor in the roadstead, though the ship was not damaged. Many fish were tossed up on shore. 
<P>In the eastern direction, the tidal waves surged onto the coast of Lonthor Island, where a stone breakwater was also washed away. The rise of water was 4 m (13 feet) here, and a proa, situated at Cape Mandjangi was dragged inland past the guard post. The fishermen at open sea did not observe any signs of a tidal wave.
<br><P>1630 or 1631. A date for the tsunami of 1.VIII.1629."
238,1627,9.0,14.0,,,18.4,121.6,W. LUZON ISLAND,PHILIPPINES,"China, North and South Korea, Philippines, Taiwan",Earthquake,Probable Tsunami,8.0,,3.5,Severe (~>$5 to $24 million),Many (~101 to 1000 houses),,https://www.ngdc.noaa.gov/hazel/view/hazards/tsunami/event-more-info/238,"<P><blockquote><i>Reference #414:</i></blockquote> 
<P>1627, September (August), magnitude 8, event validity 3. During a layover at Bangui of the Spanish Fleet, which was trying to drive the Dutch from Taiwan Island, there was an earthquake. Fourteen shocks were felt on the ships in one day. Several monasteries in Cagayan province were destroyed. The sea flooded the land for 4 km (1 league) and the waves uprooted trees. Brief information on the earthquake, with no mention of the tsunami, is given in a number of other publications. <P><blockquote><i>Reference #150:</i></blockquote> 
<P>1627, September 14, distant origin?, event validity 3, N. Luzon Is., Philippine. Tsunami on the coast of Wada, Awa, Chiba prefecture. 
<P><blockquote><i>Reference #79:</i></blockquote> 
<P>1627, September, N. Luzon, 16 N, 121 E, waves inundated one league. Trees uprooted. 
<P><blockquote><i>Reference #1187:</i></blockquote> 
<P>1627, September, Northern Luzon: Fourteen earthquakes were felt in one day. Cagayan - many buildings were wrecked; an enormous mountain opened in the center with a tremendous gap; trees were overthrown  by the terrific force of the waves of the sea which invaded the land for a distance of a league (about 3 miles). This is probably a tsunami."
235,1619,5.0,1.0,,,32.5,130.6,"YATSUSHIRO, JAPAN",JAPAN,Japan,Earthquake,Definite Tsunami,6.4,,,Limited (<$1 million),,,https://www.ngdc.noaa.gov/hazel/view/hazards/tsunami/event-more-info/235,Mugishima castle destroyed. High tide attacked castle walls. (reference #150)
168,1539,11.0,24.0,,,16.2,-88.5,CABO DE HIGUERAS,HONDURAS,Caribbean Sea,Earthquake,Questionable Tsunami,,,,Limited (<$1 million),Few (~1 to 50 houses),,https://www.ngdc.noaa.gov/hazel/view/hazards/tsunami/event-more-info/168,"23:00 Local time. Latitude and longitude are approximate. There are conflicting reports as to location. This event likely originated in the northern part of Honduras rather than Belize, as the description references ""Higueras"" which is an early name for an area Columbus explored in 1502, known to be in present-day Honduras. This would be approximately 16 Lat, -86 Lon. Lander et al. (Reference #537) reports: ""Sailors in three ships 160 km off Cabo de Higueras in Northern Honduras reported a shaking of the sea and headed for shore. Reportedly the sailors described the shock as crashing against the rocks. An earth movement began at the river mouth, and advanced, slowly wiping out massive amounts of land 84 m north to south, and ruining a large house. The shaking reportedly lasted many hours. Earthquake effects were reported in the region of the Gulf of Honduras."" Molina (Reference #273) reports a seaquake.
<P>1538, November 24, 23:00 local time. Honduras: cabo de Higueras and Golfo de Honduras. 16.2 N, 88.5 W. Molina reported a local tsunami due to an earthquake at Belize, with effects along Golfo de Honduras, generated in the North American-Caribbean Plates Boundary tectonic region. ""A
violent seaquake"" felt by sailors aboard three ships, 40 leagues [160 km] off Cab0 de Higueras, who were waiting for violent El Norfe winds to cease, feared damage because ""the
sea shook and felt as if they had crashed against rocks. Feldman, citing Pkrez [1851], said, ""In fear that the sea was against them,"" the flotilla turned and headed for port. Movement that began at the ""edge of the rivers"" advanced, slowly along 84 meters from N-S, wiping out massive amounts of land. Arce et al., 1998; Feldman, 1993; Fernhdez et d., 1993; Grases, 1990; Molina, 1997; Montessus de Ballore, 1888; Rojas et d., 1993; Sutch Osieki, 1981. V4 (reference #1492)"
160,1520,4.0,4.0,,,33.6,136.3,"KII, KUMANANONADA",JAPAN,Japan,Earthquake,Definite Tsunami,7.0,,1.0,Limited (<$1 million),Some (~51 to 100 houses),,https://www.ngdc.noaa.gov/hazel/view/hazards/tsunami/event-more-info/160,"Temples at Hongu, Shingu, Nachi, and Kumano destroyed. Houses swept away. (reference #150)
<P>1520, April 4. A tsunami was observed on the coast of the southern part of the Kii Peninsula (Reference #414)."
154,1510,9.0,21.0,,,34.6,135.4,OSAKA BAY,JAPAN,Japan,Earthquake,Definite Tsunami,6.7,,1.0,Limited (<$1 million),,,https://www.ngdc.noaa.gov/hazel/view/hazards/tsunami/event-more-info/154,"High tide in various inlets. Temples in Settsu and Kawachi destroyed. (reference #150)
<P>1510, September 21. There was a strong earthquake which caused destruction at some places in Osaka Prefecture. There were many aftershocks. A tsunami was observed on the coast of Osaka Bay. At Naniwa (Osaka region) a high tidal wave damaged homes. (reference #414)
<P>Honda et al. (1908, reference #1897)states: ""Sept. 21, 1510. Sea waves on the coast of Settsu."""
136,1448,9.0,19.0,,,37.5,138.2,"SADO, JAPAN",JAPAN,Japan,Earthquake,Probable Tsunami,7.0,,2.0,Moderate (~$1 to $5 million),,,https://www.ngdc.noaa.gov/hazel/view/hazards/tsunami/event-more-info/136,"Tsunami from Toyama Bay to Niigata. Heavy rain and flood, and earthquake. Many houses and fields ruined. (reference #150)"
133,1433,11.0,7.0,,,34.9,139.5,OFF IZU-OSHIMA,JAPAN,Japan,Earthquake,Definite Tsunami,7.1,,1.0,Severe (~>$5 to $24 million),,Many (~101 to 1000 people),https://www.ngdc.noaa.gov/hazel/view/hazards/tsunami/event-more-info/133,"River Tone to Tokyo Bay flew upward, tsunami was observed there. (reference #150)
<P>There was a tsunami on the south coast of the Kanto district. A reverse current was observed in the Tone River. (reference #414)"
131,1408,1.0,21.0,,,33.8,136.9,KUMANONADA,JAPAN,Japan,Earthquake,Definite Tsunami,7.0,,1.0,,,,https://www.ngdc.noaa.gov/hazel/view/hazards/tsunami/event-more-info/131,"Tsunami from Kii to Kamakura; Kumano-Hongu hot spring stopped for 80 days (reference #150). Honda et al. (1908, reference #1897) states: ""Jan. 21, 1408. Sea wave recorded, but doubtful.""
<P>1408, January 21. There was a strong earthquake in Osaka Prefecture. The epicenter was at sea, at Kumano-Nada. A tsunami was observed on the south coast of the Kii Peninsula, at Kamak'ura and at other places. [The accounts of this and the preceding event of December 1403 are very similar. One surmises that they refer to the same event] (Reference #414)."
128,1403,12.0,,,,33.7,136.5,KUMANONADA,JAPAN,Japan,Earthquake,Definite Tsunami,7.0,,1.0,,,,https://www.ngdc.noaa.gov/hazel/view/hazards/tsunami/event-more-info/128,"Tsunami from Kii to Kamakura. (reference #150)
<P>1403, December. There was a tsunami on the southern coast of Kii Peninsula and at Kamakura (Reference #414)."
114,1331,8.0,15.0,,,33.7,135.2,"OFF TANABE, WAKAYAMA PREFECTURE",JAPAN,Japan,Earthquake,Definite Tsunami,7.0,,,,,,https://www.ngdc.noaa.gov/hazel/view/hazards/tsunami/event-more-info/114,About 20 ha at Senrigahama (Minabe-machi) upheaved. Sea water receded and agitated. (reference #150)
106,1257,10.0,9.0,,,35.2,139.5,"SAGAMI BAY, JAPAN",JAPAN,Japan,Earthquake,Definite Tsunami,7.0,,1.0,Limited (<$1 million),,,https://www.ngdc.noaa.gov/hazel/view/hazards/tsunami/event-more-info/106,"Temple and shrine at Kamakura damaged. Landslide, ground fissured. South Sagami and Kazusa damaged by earthquake. Tsunami in South Sagami. (reference #150)
<P>1257, October 9. There was a strong earthquake in the southern part of Kanto, homes and temples were damaged. There was a tsunami on the coast of Sagami Bay. The earthquake is mentioned in a number of papers (Mallet, 1855; Neumann, 1878; Anon. (J), 1899 a,b; Omorl, 1919). A tsunami was observed at Kuji and Noda (Iwate Prefecture)
(Imamura, 1942, 1949; Takahasi, 1951; Yamaguti, 1954; Iida, 1956; Ponyavin, 1965; Katsumata, 1966; -Iida- et a,,196 7; Watanabe, 1968; Hatori et al., 1973). Iida (1956): 35.2 N., 140.9' E.; magnitude=7, m=l. (reference #414)"
105,1257,10.0,9.0,,,39.0,144.0,OFF SANRIKU,JAPAN,Japan,Earthquake,Definite Tsunami,7.5,,2.0,,,,https://www.ngdc.noaa.gov/hazel/view/hazards/tsunami/event-more-info/105,"Tsunami attacked Sanriku coast, especially high waves attacked Noda and Kuji in Iwate, Prefecture. (reference #150)"
104,1241,5.0,22.0,,,35.2,139.4,"KAMAKURA, SAGAMI BAY",JAPAN,Japan,Earthquake,Definite Tsunami,7.0,,1.0,Limited (<$1 million),,,https://www.ngdc.noaa.gov/hazel/view/hazards/tsunami/event-more-info/104,"May 22, 1241, 35.2 N, 139.4 E, Kamakura, Sagami Bay, magnitude 7. Shrine Hachiman at Yuiga-hama swept away. More than 10 vessels wrecked. (reference #150)
<P>May 22, 1241 (erroneously 1240). 35.3 N, 139.3 E, magnitude 7. There was a large earthquake on the south of Kanagawa Prefecture. It was felt strongly at Kamakura. It was accompanied by a tsunami on the coast at Kamakura. In particular, a sea wave destroyed part of the Hachiman Shinto temple on the Yuigahama coast. More than ten ships were damaged. (reference #414)
<P>May 22, 1241, 35.2 N, 139.3 E, magnitude 7. Source: Tokaido, Sagami Bay; Observation: Japan, Sagami, Tokaido, Kamakura, Yuigahama. Tsunami swept shrine. More than 10 boats wrecked. Year given incorrectly as 1240 by Sekiya and Omori (1904), Heck (1947), and Honda, a.o., (1908). (reference #79)
<P>May 22, 1240. Japan, coast of Kamakura, province of Sagami. (reference #132)
<P>May 22, 1240. Sea waves on the coast of Kamakura in the
province of Sagami. (reference #1897)"
